날짜,시간,카테고리(1차 카테고리),사유(2차 카테고리),비용,메모
2025-01-01,12:28,식비,배달/야식,38200,족발 야식
2025-01-01,16:06,교통/차량,택시/호출,5300,택시비
2025-01-02,13:26,식비,카페/간식,19500,베이커리 빵
2025-01-02,17:53,교통/차량,택시/호출,16700,늦어서 택시
2025-01-02,20:39,식비,배달/야식,12800,마라탕 배달
2025-01-02,22:04,생활/쇼핑,패션/미용,14400,겨울 코트
2025-01-03,09:28,생활/쇼핑,가전/가구,13100,소형 가습기
2025-01-03,09:48,교통/차량,택시/호출,14200,카카오택시(야근)
2025-01-03,14:15,교통/차량,택시/호출,17500,카카오택시(야근)
2025-01-03,20:50,주거/통신,공과금,38700,수도세
2025-01-04,18:22,문화/취미,여행,44300,숙소 예약
2025-01-04,18:25,생활/쇼핑,패션/미용,48200,미용실 커트
2025-01-04,20:47,식비,식자재/장보기,34400,과일 구매
2025-01-05,10:00,건강/운동,운동/헬스,32600,단백질 보충제
2025-01-05,10:39,식비,배달/야식,49200,족발 야식
2025-01-05,10:53,주거/통신,월세/관리비,550000,월세 납부
2025-01-05,15:30,식비,외식,21200,구내식당 점심
2025-01-05,19:37,식비,카페/간식,13300,디저트 카페
2025-01-05,20:29,식비,배달/야식,44100,족발 야식
2025-01-05,20:38,식비,외식,34200,맥도날드 햄버거
2025-01-06,20:05,생활/쇼핑,패션/미용,61100,올리브영 화장품
2025-01-06,21:32,문화/취미,여행,45700,여행 경비
2025-01-07,10:14,교통/차량,자차/주유,10300,세차장
2025-01-07,11:38,교통/차량,택시/호출,12100,늦어서 택시
2025-01-07,12:18,교통/차량,자차/주유,9100,엔진오일 교체
2025-01-07,23:03,생활/쇼핑,반려동물,70800,강아지 사료
2025-01-08,08:15,교통/차량,자차/주유,11900,세차장
2025-01-08,16:34,교통/차량,자차/주유,18600,세차장
2025-01-08,17:27,교통/차량,대중교통,7400,지하철 정기권 충전
2025-01-09,08:02,건강/운동,병원/약국,36400,약국 타이레놀
2025-01-09,10:54,식비,카페/간식,15000,베이커리 빵
2025-01-09,11:26,교통/차량,택시/호출,19600,택시비
2025-01-09,19:50,식비,카페/간식,48200,아이스 아메리카노
2025-01-10,08:39,주거/통신,구독/OTT,14900,넷플릭스 결제
2025-01-10,09:11,생활/쇼핑,반려동물,54300,배변패드
2025-01-10,12:55,식비,외식,14700,김밥천국
2025-01-10,23:53,교통/차량,대중교통,7100,지하철 정기권 충전
2025-01-11,09:18,관계,데이트/모임,48800,주말 데이트
2025-01-11,13:50,문화/취미,영화/공연,15500,뮤지컬 관람
2025-01-11,20:36,식비,카페/간식,22000,아이스 아메리카노
2025-01-11,22:04,식비,카페/간식,10100,베이커리 빵
2025-01-11,23:23,식비,식자재/장보기,16400,과일 구매
2025-01-11,23:29,관계,경조사/선물,37000,결혼식 축의금
2025-01-12,09:15,문화/취미,영화/공연,50500,전시회 티켓
2025-01-12,14:39,건강/운동,운동/헬스,42200,단백질 보충제
2025-01-12,23:14,식비,외식,47400,김밥천국
2025-01-13,13:09,식비,외식,5200,김밥천국
2025-01-13,18:43,교통/차량,택시/호출,3500,카카오택시(야근)
2025-01-13,19:46,관계,경조사/선물,85900,친구 생일선물
2025-01-14,10:19,교통/차량,대중교통,5400,버스비
2025-01-14,22:07,식비,카페/간식,25200,디저트 카페
2025-01-15,21:31,주거/통신,구독/OTT,36800,유튜브 프리미엄
2025-01-15,22:01,교통/차량,대중교통,9400,지하철 정기권 충전
2025-01-15,22:10,식비,술/유흥,17400,친구들과 술자리
2025-01-16,08:32,식비,술/유흥,25900,와인 구매
2025-01-16,14:47,식비,카페/간식,14900,디저트 카페
2025-01-16,21:05,식비,식자재/장보기,23900,동네 마트
2025-01-17,23:02,식비,식자재/장보기,7900,쌀/물 구매
2025-01-17,23:03,식비,식자재/장보기,36600,편의점 간편식
2025-01-17,23:35,식비,카페/간식,8400,베이커리 빵
2025-01-18,20:18,문화/취미,여행,26400,숙소 예약
2025-01-18,21:37,식비,외식,29700,파스타 데이트
2025-01-18,23:37,관계,데이트/모임,55100,스터디 모임비
2025-01-19,09:18,문화/취미,영화/공연,68100,전시회 티켓
2025-01-19,10:12,생활/쇼핑,생활용품,94400,쓰레기봉투
2025-01-19,12:18,식비,술/유흥,41100,맥주 4캔 구매
2025-01-19,12:57,식비,배달/야식,40600,마라탕 배달
2025-01-19,15:35,생활/쇼핑,패션/미용,43900,겨울 코트
2025-01-20,10:51,금융,보험/세금,19500,실비 보험료
2025-01-20,15:47,식비,술/유흥,43400,와인 구매
2025-01-20,18:36,생활/쇼핑,패션/미용,55100,미용실 커트
2025-01-20,23:38,생활/쇼핑,패션/미용,94700,겨울 코트
2025-01-21,10:35,식비,식자재/장보기,23400,편의점 간편식
2025-01-21,21:54,교통/차량,택시/호출,6800,늦어서 택시
2025-01-21,22:44,식비,카페/간식,21800,디저트 카페
2025-01-22,11:04,식비,배달/야식,15800,치킨 배달
2025-01-22,12:27,식비,배달/야식,45900,피자 주문
2025-01-22,15:45,식비,배달/야식,5200,치킨 배달
2025-01-22,23:15,식비,배달/야식,48200,피자 주문
2025-01-23,09:38,교통/차량,택시/호출,17400,택시비
2025-01-23,15:24,식비,외식,27700,맥도날드 햄버거
2025-01-23,18:56,식비,배달/야식,43300,마라탕 배달
2025-01-23,21:12,식비,술/유흥,26600,친구들과 술자리
2025-01-24,14:39,식비,외식,34000,김밥천국
2025-01-24,19:14,관계,경조사/선물,64300,친구 생일선물
2025-01-25,08:46,건강/운동,병원/약국,39600,종합비타민
2025-01-25,09:58,교육/계발,강의/수강,36100,인프런 강의 결제
2025-01-25,11:30,교통/차량,대중교통,85000,알뜰교통카드 후불
2025-01-25,11:56,교통/차량,택시/호출,4600,늦어서 택시
2025-01-25,18:38,문화/취미,영화/공연,46000,뮤지컬 관람
2025-01-25,19:30,생활/쇼핑,생활용품,57800,쓰레기봉투
2025-01-25,20:06,주거/통신,통신비,68000,휴대폰 요금
2025-01-25,22:10,생활/쇼핑,패션/미용,77100,미용실 커트
2025-01-26,09:17,문화/취미,영화/공연,12000,전시회 티켓
2025-01-26,13:40,생활/쇼핑,반려동물,75500,강아지 사료
2025-01-26,14:26,식비,카페/간식,8700,디저트 카페
2025-01-26,15:23,식비,외식,21300,구내식당 점심
2025-01-26,17:42,문화/취미,영화/공연,44900,전시회 티켓
2025-01-27,11:40,교통/차량,대중교통,19000,지하철 정기권 충전
2025-01-27,17:36,식비,식자재/장보기,23000,과일 구매
2025-01-27,18:55,생활/쇼핑,반려동물,147400,배변패드
2025-01-28,09:14,교통/차량,택시/호출,13800,늦어서 택시
2025-01-28,19:13,식비,배달/야식,8200,치킨 배달
2025-01-28,20:36,교육/계발,강의/수강,26900,토익 응시료
2025-01-28,20:50,문화/취미,여행,15500,숙소 예약
2025-01-29,11:37,식비,술/유흥,29600,회식 2차
2025-01-29,15:03,식비,식자재/장보기,15600,동네 마트
2025-01-30,09:31,식비,술/유흥,42300,친구들과 술자리
2025-01-30,16:08,식비,카페/간식,35200,베이커리 빵
2025-01-30,23:55,식비,배달/야식,14700,피자 주문
2025-01-31,11:58,교통/차량,대중교통,15100,교통카드 후불결제
2025-01-31,13:05,주거/통신,통신비,37100,인터넷 요금
2025-01-31,17:16,주거/통신,통신비,32600,인터넷 요금
2025-01-31,21:57,교통/차량,대중교통,2600,지하철 정기권 충전
2025-02-01,10:32,생활/쇼핑,패션/미용,98900,운동화 구매
2025-02-01,19:12,관계,데이트/모임,81500,스터디 모임비
2025-02-01,23:27,식비,외식,41700,김밥천국
2025-02-02,09:13,생활/쇼핑,생활용품,141200,주방용품
2025-02-02,10:25,문화/취미,영화/공연,54000,뮤지컬 관람
2025-02-02,11:53,관계,경조사/선물,74400,결혼식 축의금
2025-02-03,13:57,교통/차량,자차/주유,14100,엔진오일 교체
2025-02-03,20:12,금융,저축/투자,17800,주식 계좌 이체
2025-02-04,10:33,건강/운동,운동/헬스,49400,단백질 보충제
2025-02-04,14:13,식비,카페/간식,27600,베이커리 빵
2025-02-05,10:23,식비,술/유흥,25800,회식 2차
2025-02-05,12:04,식비,외식,41800,맥도날드 햄버거
2025-02-05,16:36,교통/차량,택시/호출,8700,카카오택시(야근)
2025-02-05,21:19,주거/통신,월세/관리비,550000,월세 납부
2025-02-06,13:22,식비,외식,4900,맥도날드 햄버거
2025-02-06,13:55,식비,술/유흥,48400,맥주 4캔 구매
2025-02-06,19:46,식비,식자재/장보기,40700,편의점 간편식
2025-02-06,22:56,관계,경조사/선물,59100,부모님 용돈
2025-02-07,15:52,식비,배달/야식,38400,치킨 배달
2025-02-07,22:29,식비,술/유흥,14100,회식 2차
2025-02-08,09:42,식비,술/유흥,31300,회식 2차
2025-02-08,14:02,생활/쇼핑,생활용품,12800,다이소 쇼핑
2025-02-08,15:03,생활/쇼핑,패션/미용,115600,운동화 구매
2025-02-08,21:42,식비,카페/간식,5700,아이스 아메리카노
2025-02-09,08:33,관계,데이트/모임,32100,스터디 모임비
2025-02-09,15:46,생활/쇼핑,생활용품,49600,다이소 쇼핑
2025-02-09,16:24,관계,데이트/모임,67100,동창회 회비
2025-02-09,21:52,관계,경조사/선물,64400,친구 생일선물
2025-02-09,23:34,식비,식자재/장보기,46200,쌀/물 구매
2025-02-10,09:10,금융,저축/투자,21700,주식 계좌 이체
2025-02-10,13:55,식비,술/유흥,47600,회식 2차
2025-02-10,14:25,교통/차량,택시/호출,19300,늦어서 택시
2025-02-10,21:46,주거/통신,구독/OTT,14900,넷플릭스 결제
2025-02-11,10:42,건강/운동,병원/약국,21600,종합비타민
2025-02-11,11:33,교통/차량,대중교통,15700,교통카드 후불결제
2025-02-11,22:15,식비,식자재/장보기,21600,편의점 간편식
2025-02-12,11:07,교통/차량,택시/호출,17200,늦어서 택시
2025-02-12,16:26,교통/차량,택시/호출,14200,카카오택시(야근)
2025-02-12,21:33,교통/차량,대중교통,8200,버스비
2025-02-13,09:36,식비,외식,49600,파스타 데이트
2025-02-13,18:50,주거/통신,월세/관리비,45700,1월 월세
2025-02-13,19:49,생활/쇼핑,패션/미용,75800,미용실 커트
2025-02-13,23:29,식비,술/유흥,21900,와인 구매
2025-02-14,11:15,건강/운동,운동/헬스,32300,필라테스 1회권
2025-02-14,11:52,식비,술/유흥,5500,회식 2차
2025-02-14,15:06,식비,식자재/장보기,9400,동네 마트
2025-02-14,16:13,식비,카페/간식,28800,아이스 아메리카노
2025-02-15,08:58,관계,데이트/모임,49600,주말 데이트
2025-02-15,17:11,관계,경조사/선물,34600,친구 생일선물
2025-02-15,17:57,식비,술/유흥,33300,친구들과 술자리
2025-02-15,22:00,식비,술/유흥,31500,회식 2차
2025-02-15,23:32,관계,데이트/모임,67600,스터디 모임비
2025-02-16,08:12,식비,카페/간식,10300,아이스 아메리카노
2025-02-16,09:07,문화/취미,여행,51800,여행 경비
2025-02-16,15:36,식비,외식,20400,구내식당 점심
2025-02-16,18:38,문화/취미,여행,33900,기차표 예매
2025-02-16,21:19,문화/취미,여행,79600,기차표 예매
2025-02-16,21:43,식비,술/유흥,41200,맥주 4캔 구매
2025-02-17,19:30,교통/차량,택시/호출,17600,늦어서 택시
2025-02-17,19:31,건강/운동,운동/헬스,38600,단백질 보충제
2025-02-18,10:01,식비,외식,36200,맥도날드 햄버거
2025-02-18,22:10,식비,외식,6200,구내식당 점심
2025-02-19,08:35,생활/쇼핑,반려동물,45000,강아지 사료
2025-02-19,12:46,식비,술/유흥,11900,친구들과 술자리
2025-02-19,18:33,교통/차량,택시/호출,19400,택시비
2025-02-19,19:42,건강/운동,운동/헬스,45300,헬스장 재등록
2025-02-20,10:31,식비,카페/간식,7100,아이스 아메리카노
2025-02-20,15:55,교통/차량,자차/주유,11300,엔진오일 교체
2025-02-20,16:53,건강/운동,병원/약국,42100,약국 타이레놀
2025-02-21,12:24,식비,카페/간식,29200,편의점 커피
2025-02-21,20:46,생활/쇼핑,가전/가구,47400,멀티탭 구매
2025-02-21,21:47,식비,식자재/장보기,16600,동네 마트
2025-02-22,13:55,관계,데이트/모임,75400,주말 데이트
2025-02-22,14:04,생활/쇼핑,패션/미용,35900,미용실 커트
2025-02-22,18:08,관계,데이트/모임,64400,주말 데이트
2025-02-22,20:29,식비,외식,10200,구내식당 점심
2025-02-23,19:01,관계,데이트/모임,37500,동창회 회비
2025-02-23,21:36,교육/계발,도서/문구,46800,볼펜/노트 구매
2025-02-23,22:49,관계,경조사/선물,76900,친구 생일선물
2025-02-24,11:57,식비,배달/야식,7500,마라탕 배달
2025-02-24,22:34,교통/차량,대중교통,12000,지하철 정기권 충전
2025-02-25,10:20,교통/차량,택시/호출,4100,택시비
2025-02-25,10:38,생활/쇼핑,패션/미용,61000,올리브영 화장품
2025-02-25,13:56,교통/차량,대중교통,85000,알뜰교통카드 후불
2025-02-25,15:56,식비,외식,43300,김밥천국
2025-02-25,23:00,주거/통신,통신비,68000,휴대폰 요금
2025-02-26,11:38,식비,술/유흥,8000,와인 구매
2025-02-26,16:29,문화/취미,영화/공연,74600,CGV 영화 예매
2025-02-26,18:56,식비,술/유흥,11300,와인 구매
2025-02-26,21:30,식비,배달/야식,5600,족발 야식
2025-02-27,09:28,식비,식자재/장보기,47000,쌀/물 구매
2025-02-27,19:32,식비,외식,16100,김밥천국
2025-02-28,08:02,식비,식자재/장보기,8100,이마트 장보기
2025-02-28,14:53,식비,술/유흥,47300,친구들과 술자리
2025-02-28,17:43,식비,식자재/장보기,21200,쌀/물 구매
2025-02-28,21:03,식비,카페/간식,14600,편의점 커피
2025-03-01,16:16,교통/차량,택시/호출,5800,택시비
2025-03-01,16:43,관계,경조사/선물,72700,부모님 용돈
2025-03-01,20:11,생활/쇼핑,가전/가구,34400,소형 가습기
2025-03-01,20:15,식비,술/유흥,38200,맥주 4캔 구매
2025-03-02,08:24,문화/취미,영화/공연,71500,뮤지컬 관람
2025-03-02,09:16,식비,외식,25800,구내식당 점심
2025-03-02,15:54,교통/차량,자차/주유,9800,세차장
2025-03-02,22:08,교통/차량,택시/호출,1600,늦어서 택시
2025-03-02,23:29,생활/쇼핑,가전/가구,108400,소형 가습기
2025-03-03,08:03,식비,외식,37400,직장 동료와 저녁
2025-03-03,15:04,식비,배달/야식,19000,피자 주문
2025-03-03,21:36,교통/차량,자차/주유,18500,주유소 휘발유
2025-03-04,08:45,교통/차량,택시/호출,7200,택시비
2025-03-04,12:02,교통/차량,택시/호출,1900,택시비
2025-03-04,17:16,주거/통신,공과금,49500,전기세
2025-03-05,10:11,식비,식자재/장보기,31600,과일 구매
2025-03-05,13:49,식비,배달/야식,28700,치킨 배달
2025-03-05,23:37,주거/통신,월세/관리비,550000,월세 납부
2025-03-06,08:56,생활/쇼핑,가전/가구,107000,멀티탭 구매
2025-03-06,10:44,주거/통신,통신비,45200,인터넷 요금
2025-03-06,13:34,생활/쇼핑,생활용품,110700,다이소 쇼핑
2025-03-07,09:18,교육/계발,강의/수강,42400,토익 응시료
2025-03-07,09:28,식비,술/유흥,27200,회식 2차
2025-03-07,20:22,문화/취미,여행,45700,숙소 예약
2025-03-07,23:33,생활/쇼핑,생활용품,84600,다이소 쇼핑
2025-03-08,19:05,생활/쇼핑,생활용품,7800,휴지/세제 구매
2025-03-08,20:21,교통/차량,대중교통,15600,지하철 정기권 충전
2025-03-08,22:55,식비,외식,16900,맥도날드 햄버거
2025-03-09,09:03,건강/운동,병원/약국,42100,내과 진료
2025-03-09,15:33,문화/취미,여행,24000,여행 경비
2025-03-09,17:21,교육/계발,강의/수강,23500,토익 응시료
2025-03-09,23:05,문화/취미,영화/공연,37100,CGV 영화 예매
2025-03-10,08:52,주거/통신,구독/OTT,14900,넷플릭스 결제
2025-03-10,09:02,식비,술/유흥,9500,친구들과 술자리
2025-03-10,23:19,생활/쇼핑,가전/가구,17800,멀티탭 구매
2025-03-11,14:22,식비,식자재/장보기,9200,동네 마트
2025-03-11,22:09,관계,데이트/모임,71600,동창회 회비
2025-03-11,23:11,식비,카페/간식,8300,베이커리 빵
2025-03-12,11:08,생활/쇼핑,생활용품,107000,다이소 쇼핑
2025-03-12,17:30,식비,외식,25600,김밥천국
2025-03-12,20:48,식비,카페/간식,12300,아이스 아메리카노
2025-03-12,20:56,식비,카페/간식,19400,베이커리 빵
2025-03-13,09:52,생활/쇼핑,반려동물,61800,강아지 사료
2025-03-13,11:47,교육/계발,강의/수강,44300,인프런 강의 결제
2025-03-14,11:43,식비,식자재/장보기,26100,과일 구매
2025-03-14,13:58,주거/통신,월세/관리비,14200,관리비 납부
2025-03-14,19:06,교통/차량,대중교통,4300,지하철 정기권 충전
2025-03-14,20:05,식비,배달/야식,33400,족발 야식
2025-03-15,08:46,생활/쇼핑,반려동물,148300,강아지 사료
2025-03-15,09:47,생활/쇼핑,반려동물,143600,강아지 사료
2025-03-15,14:33,식비,배달/야식,19100,족발 야식
2025-03-15,18:48,교통/차량,택시/호출,15600,택시비
2025-03-15,18:56,문화/취미,여행,33800,기차표 예매
2025-03-16,11:05,식비,배달/야식,7700,피자 주문
2025-03-16,15:56,교육/계발,강의/수강,22000,토익 응시료
2025-03-16,17:44,생활/쇼핑,생활용품,69600,주방용품
2025-03-16,19:47,문화/취미,영화/공연,37100,전시회 티켓
2025-03-16,19:47,식비,식자재/장보기,7400,쌀/물 구매
2025-03-16,21:58,식비,술/유흥,37100,와인 구매
2025-03-17,11:40,생활/쇼핑,가전/가구,20000,멀티탭 구매
2025-03-17,21:36,식비,배달/야식,12000,족발 야식
2025-03-18,09:45,식비,식자재/장보기,33700,편의점 간편식
2025-03-18,21:14,식비,배달/야식,16500,치킨 배달
2025-03-19,14:42,주거/통신,월세/관리비,33500,1월 월세
2025-03-19,19:45,식비,술/유흥,42700,와인 구매
2025-03-19,21:29,교통/차량,택시/호출,3600,늦어서 택시
2025-03-20,09:51,식비,술/유흥,13400,와인 구매
2025-03-20,21:55,건강/운동,병원/약국,39700,약국 타이레놀
2025-03-20,22:49,생활/쇼핑,가전/가구,146800,마우스 건전지
2025-03-21,09:18,식비,외식,44100,파스타 데이트
2025-03-21,12:32,식비,카페/간식,47000,디저트 카페
2025-03-21,14:12,건강/운동,병원/약국,22700,내과 진료
2025-03-21,16:25,관계,경조사/선물,78100,친구 생일선물
2025-03-22,13:24,생활/쇼핑,패션/미용,25100,올리브영 화장품
2025-03-22,16:52,식비,술/유흥,27100,친구들과 술자리
2025-03-22,18:30,생활/쇼핑,가전/가구,6400,소형 가습기
2025-03-22,21:26,식비,외식,30700,파스타 데이트
2025-03-23,09:44,관계,데이트/모임,57000,주말 데이트
2025-03-23,11:51,문화/취미,영화/공연,76900,CGV 영화 예매
2025-03-23,14:39,문화/취미,여행,18400,기차표 예매
2025-03-24,08:15,주거/통신,공과금,38600,수도세
2025-03-24,17:17,식비,외식,18700,직장 동료와 저녁
2025-03-25,10:42,교통/차량,대중교통,85000,알뜰교통카드 후불
2025-03-25,18:14,교통/차량,자차/주유,4200,엔진오일 교체
2025-03-25,19:06,주거/통신,통신비,68000,휴대폰 요금
2025-03-25,20:45,교통/차량,대중교통,19000,버스비
2025-03-26,08:46,교통/차량,택시/호출,17800,카카오택시(야근)
2025-03-26,08:51,식비,카페/간식,18100,베이커리 빵
2025-03-26,09:06,식비,배달/야식,20600,족발 야식
2025-03-26,14:59,교통/차량,대중교통,2100,버스비
2025-03-27,17:12,식비,식자재/장보기,42700,쌀/물 구매
2025-03-27,19:34,교통/차량,택시/호출,18400,카카오택시(야근)
2025-03-27,20:36,식비,카페/간식,14000,디저트 카페
2025-03-28,11:15,문화/취미,영화/공연,50100,전시회 티켓
2025-03-28,20:05,식비,카페/간식,19100,아이스 아메리카노
2025-03-29,08:46,문화/취미,여행,62100,숙소 예약
2025-03-29,14:02,관계,데이트/모임,36700,동창회 회비
2025-03-29,14:26,관계,경조사/선물,40500,친구 생일선물
2025-03-29,18:02,관계,데이트/모임,56200,스터디 모임비
2025-03-29,18:36,식비,배달/야식,24800,피자 주문
2025-03-30,14:13,식비,배달/야식,36000,마라탕 배달
2025-03-30,14:35,문화/취미,영화/공연,38000,뮤지컬 관람
2025-03-30,14:40,식비,식자재/장보기,37500,이마트 장보기
2025-03-30,22:03,생활/쇼핑,반려동물,103000,강아지 사료
2025-03-30,22:39,생활/쇼핑,반려동물,131300,고양이 간식
2025-03-31,10:18,식비,배달/야식,5000,피자 주문
2025-03-31,11:26,식비,식자재/장보기,13200,과일 구매
2025-03-31,17:10,생활/쇼핑,가전/가구,52000,마우스 건전지
2025-03-31,17:48,생활/쇼핑,반려동물,67300,강아지 사료
2025-04-01,09:29,생활/쇼핑,가전/가구,97900,마우스 건전지
2025-04-01,13:03,식비,술/유흥,23400,와인 구매
2025-04-02,16:54,식비,술/유흥,4700,와인 구매
2025-04-02,16:56,교육/계발,도서/문구,13900,문제집 구매
2025-04-02,18:47,식비,카페/간식,27800,아이스 아메리카노
2025-04-02,21:57,주거/통신,월세/관리비,35900,관리비 납부
2025-04-03,17:07,교통/차량,자차/주유,6400,주유소 휘발유
2025-04-03,19:42,식비,배달/야식,45900,치킨 배달
2025-04-03,20:46,교통/차량,택시/호출,6400,늦어서 택시
2025-04-03,21:14,식비,외식,32000,구내식당 점심
2025-04-04,09:11,식비,배달/야식,4000,피자 주문
2025-04-04,11:23,식비,배달/야식,12100,피자 주문
2025-04-04,17:09,식비,배달/야식,38700,피자 주문
2025-04-04,22:42,교통/차량,대중교통,3700,교통카드 후불결제
2025-04-05,12:38,교통/차량,대중교통,2000,버스비
2025-04-05,13:15,주거/통신,월세/관리비,550000,월세 납부
2025-04-05,13:43,관계,데이트/모임,43300,스터디 모임비
2025-04-05,17:57,식비,카페/간식,19700,베이커리 빵
2025-04-05,21:20,생활/쇼핑,패션/미용,98600,올리브영 화장품
2025-04-06,09:13,식비,외식,37400,맥도날드 햄버거
2025-04-06,14:44,생활/쇼핑,생활용품,124800,쓰레기봉투
2025-04-06,15:14,식비,술/유흥,19300,와인 구매
2025-04-06,16:18,문화/취미,영화/공연,48400,전시회 티켓
2025-04-06,22:10,관계,데이트/모임,56000,주말 데이트
2025-04-07,10:13,식비,술/유흥,38600,회식 2차
2025-04-07,12:55,생활/쇼핑,가전/가구,91900,멀티탭 구매
2025-04-08,17:33,식비,식자재/장보기,13100,과일 구매
2025-04-08,19:03,식비,식자재/장보기,47700,편의점 간편식
2025-04-08,22:17,식비,술/유흥,22300,회식 2차
2025-04-09,11:38,교통/차량,택시/호출,6400,늦어서 택시
2025-04-09,12:44,식비,외식,11800,맥도날드 햄버거
2025-04-09,13:48,식비,카페/간식,32100,베이커리 빵
2025-04-10,13:43,식비,카페/간식,24900,디저트 카페
2025-04-10,16:59,주거/통신,구독/OTT,14900,넷플릭스 결제
2025-04-10,20:33,교통/차량,대중교통,12400,교통카드 후불결제
2025-04-10,21:07,식비,외식,25300,맥도날드 햄버거
2025-04-11,13:52,식비,술/유흥,38500,맥주 4캔 구매
2025-04-11,20:08,생활/쇼핑,가전/가구,12100,소형 가습기
2025-04-12,08:25,문화/취미,영화/공연,70700,CGV 영화 예매
2025-04-12,10:57,관계,데이트/모임,90400,동창회 회비
2025-04-12,13:07,식비,외식,43300,구내식당 점심
2025-04-12,16:34,생활/쇼핑,생활용품,29200,주방용품
2025-04-12,17:21,교통/차량,자차/주유,2500,엔진오일 교체
2025-04-12,20:40,식비,카페/간식,28500,아이스 아메리카노
2025-04-13,09:19,식비,배달/야식,18100,마라탕 배달
2025-04-13,13:52,생활/쇼핑,반려동물,27600,고양이 간식
2025-04-13,14:18,생활/쇼핑,가전/가구,87600,마우스 건전지
2025-04-13,17:37,관계,경조사/선물,88200,부모님 용돈
2025-04-13,23:02,식비,배달/야식,47000,마라탕 배달
2025-04-14,15:41,주거/통신,구독/OTT,44300,쿠팡 와우 멤버십
2025-04-14,16:47,교통/차량,대중교통,7500,버스비
2025-04-14,17:56,교통/차량,택시/호출,5100,카카오택시(야근)
2025-04-14,20:19,교육/계발,도서/문구,48700,문제집 구매
2025-04-15,21:11,생활/쇼핑,패션/미용,98900,운동화 구매
2025-04-15,21:41,식비,배달/야식,18200,족발 야식
2025-04-15,22:25,식비,카페/간식,5200,아이스 아메리카노
2025-04-16,16:19,식비,외식,47200,파스타 데이트
2025-04-16,19:16,생활/쇼핑,패션/미용,34300,미용실 커트
2025-04-17,08:13,식비,외식,23900,직장 동료와 저녁
2025-04-17,10:06,식비,술/유흥,28500,친구들과 술자리
2025-04-17,16:19,관계,데이트/모임,84000,스터디 모임비
2025-04-18,09:41,식비,카페/간식,31600,아이스 아메리카노
2025-04-18,15:08,식비,식자재/장보기,37200,동네 마트
2025-04-18,22:09,주거/통신,공과금,20600,가스비
2025-04-19,09:50,식비,외식,17700,맥도날드 햄버거
2025-04-19,13:30,생활/쇼핑,반려동물,26100,배변패드
2025-04-19,15:37,문화/취미,여행,52500,기차표 예매
2025-04-19,16:59,문화/취미,여행,16200,여행 경비
2025-04-19,20:49,식비,카페/간식,16500,베이커리 빵
2025-04-19,22:32,식비,배달/야식,30700,피자 주문
2025-04-20,12:26,문화/취미,여행,44900,기차표 예매
2025-04-20,19:52,식비,카페/간식,18800,베이커리 빵
2025-04-20,19:52,문화/취미,영화/공연,33200,전시회 티켓
2025-04-20,23:20,식비,배달/야식,15000,피자 주문
2025-04-21,20:07,식비,외식,33600,김밥천국
2025-04-21,21:44,식비,카페/간식,39800,아이스 아메리카노
2025-04-22,14:15,금융,저축/투자,19100,주식 계좌 이체
2025-04-22,15:19,식비,식자재/장보기,28600,동네 마트
2025-04-22,19:09,식비,식자재/장보기,38300,동네 마트
2025-04-22,23:24,교통/차량,택시/호출,8300,카카오택시(야근)
2025-04-23,10:55,교통/차량,택시/호출,6200,카카오택시(야근)
2025-04-23,11:40,교통/차량,대중교통,15200,지하철 정기권 충전
2025-04-23,14:34,식비,카페/간식,48700,베이커리 빵
2025-04-24,08:55,식비,식자재/장보기,38000,동네 마트
2025-04-24,18:35,식비,식자재/장보기,9100,과일 구매
2025-04-24,23:52,식비,카페/간식,19700,디저트 카페
2025-04-25,12:30,교통/차량,대중교통,85000,알뜰교통카드 후불
2025-04-25,13:50,주거/통신,통신비,68000,휴대폰 요금
2025-04-25,16:00,식비,식자재/장보기,14000,이마트 장보기
2025-04-25,19:01,관계,데이트/모임,62000,주말 데이트
2025-04-25,22:17,교통/차량,자차/주유,9900,엔진오일 교체
2025-04-26,18:40,식비,식자재/장보기,8600,동네 마트
2025-04-26,20:29,생활/쇼핑,가전/가구,10200,멀티탭 구매
2025-04-26,23:30,생활/쇼핑,반려동물,59000,고양이 간식
2025-04-27,10:47,식비,식자재/장보기,20200,쌀/물 구매
2025-04-27,14:26,문화/취미,여행,39000,기차표 예매
2025-04-27,14:57,생활/쇼핑,생활용품,149200,휴지/세제 구매
2025-04-27,17:28,관계,데이트/모임,41300,주말 데이트
2025-04-27,23:24,식비,술/유흥,18300,와인 구매
2025-04-28,17:37,식비,카페/간식,9000,편의점 커피
2025-04-28,21:24,관계,경조사/선물,39700,결혼식 축의금
2025-04-28,21:32,식비,술/유흥,29800,회식 2차
2025-04-29,13:28,금융,저축/투자,14600,청약 저축
2025-04-29,17:08,식비,배달/야식,29900,마라탕 배달
2025-04-30,09:44,식비,배달/야식,30800,치킨 배달
2025-04-30,12:00,식비,배달/야식,5600,피자 주문
2025-04-30,16:26,건강/운동,병원/약국,11800,치과 스케일링
2025-04-30,21:35,금융,보험/세금,34300,주민세 납부
2025-05-01,13:03,식비,술/유흥,44900,회식 2차
2025-05-01,22:50,식비,외식,27500,김밥천국
2025-05-02,09:08,교통/차량,대중교통,5700,버스비
2025-05-02,10:52,식비,배달/야식,15500,족발 야식
2025-05-02,23:29,교통/차량,택시/호출,15500,카카오택시(야근)
2025-05-03,13:45,생활/쇼핑,가전/가구,80800,마우스 건전지
2025-05-03,14:07,식비,카페/간식,35600,편의점 커피
2025-05-03,17:09,식비,술/유흥,41500,맥주 4캔 구매
2025-05-03,18:48,식비,외식,30600,맥도날드 햄버거
2025-05-03,21:12,문화/취미,영화/공연,46800,전시회 티켓
2025-05-04,10:37,생활/쇼핑,가전/가구,36000,소형 가습기
2025-05-04,10:39,식비,배달/야식,21700,치킨 배달
2025-05-04,15:21,교육/계발,강의/수강,13600,토익 응시료
2025-05-04,20:11,식비,술/유흥,20800,회식 2차
2025-05-04,23:08,식비,배달/야식,18500,치킨 배달
2025-05-05,11:50,교통/차량,대중교통,3300,지하철 정기권 충전
2025-05-05,12:10,주거/통신,월세/관리비,550000,월세 납부
2025-05-05,16:56,식비,배달/야식,25200,피자 주문
2025-05-05,21:32,식비,배달/야식,40100,치킨 배달
2025-05-06,08:37,관계,경조사/선물,94500,친구 생일선물
2025-05-06,08:52,교통/차량,자차/주유,10700,세차장
2025-05-06,12:00,식비,식자재/장보기,32600,편의점 간편식
2025-05-06,22:49,식비,식자재/장보기,42700,동네 마트
2025-05-07,09:30,식비,식자재/장보기,36900,쌀/물 구매
2025-05-07,10:33,교통/차량,자차/주유,18800,엔진오일 교체
2025-05-08,20:13,교통/차량,대중교통,14400,교통카드 후불결제
2025-05-08,21:15,식비,식자재/장보기,36400,쌀/물 구매
2025-05-08,22:22,생활/쇼핑,가전/가구,36000,멀티탭 구매
2025-05-09,11:21,교통/차량,자차/주유,5700,주유소 휘발유
2025-05-09,16:16,식비,외식,18000,파스타 데이트
2025-05-10,11:12,식비,식자재/장보기,34900,쌀/물 구매
2025-05-10,12:05,문화/취미,여행,65400,기차표 예매
2025-05-10,12:09,주거/통신,구독/OTT,14900,넷플릭스 결제
2025-05-10,13:04,건강/운동,병원/약국,21000,종합비타민
2025-05-10,22:31,식비,카페/간식,47200,디저트 카페
2025-05-11,14:17,식비,술/유흥,33300,맥주 4캔 구매
2025-05-11,17:12,식비,외식,11500,직장 동료와 저녁
2025-05-11,17:29,문화/취미,영화/공연,53900,뮤지컬 관람
2025-05-11,19:17,관계,데이트/모임,90700,스터디 모임비
2025-05-12,09:50,생활/쇼핑,반려동물,13800,강아지 사료
2025-05-12,10:25,식비,카페/간식,18300,아이스 아메리카노
2025-05-12,21:51,교통/차량,대중교통,6500,버스비
2025-05-12,23:07,식비,술/유흥,14800,와인 구매
2025-05-13,09:57,문화/취미,여행,50300,숙소 예약
2025-05-13,13:43,문화/취미,영화/공연,79700,CGV 영화 예매
2025-05-13,18:51,생활/쇼핑,반려동물,13300,강아지 사료
2025-05-14,12:36,교통/차량,택시/호출,16400,택시비
2025-05-14,18:45,교통/차량,자차/주유,8400,주유소 휘발유
2025-05-14,19:06,교통/차량,자차/주유,14600,주유소 휘발유
2025-05-14,23:04,교통/차량,자차/주유,2700,세차장
2025-05-15,12:04,식비,술/유흥,19600,맥주 4캔 구매
2025-05-15,20:54,식비,외식,49100,김밥천국
2025-05-15,22:17,교통/차량,택시/호출,11200,카카오택시(야근)
2025-05-15,23:17,식비,배달/야식,5700,치킨 배달
2025-05-16,09:36,식비,카페/간식,21800,아이스 아메리카노
2025-05-16,15:20,식비,카페/간식,28600,베이커리 빵
2025-05-16,16:02,교통/차량,택시/호출,3000,늦어서 택시
2025-05-16,19:05,생활/쇼핑,가전/가구,22800,마우스 건전지
2025-05-17,09:09,식비,술/유흥,22500,맥주 4캔 구매
2025-05-17,11:41,관계,데이트/모임,69800,동창회 회비
2025-05-17,16:41,관계,경조사/선물,81200,친구 생일선물
2025-05-18,14:39,문화/취미,영화/공연,38200,뮤지컬 관람
2025-05-18,19:17,식비,외식,48800,구내식당 점심
2025-05-18,19:56,문화/취미,영화/공연,31200,뮤지컬 관람
2025-05-18,22:45,식비,카페/간식,27400,베이커리 빵
2025-05-19,09:21,식비,외식,5900,구내식당 점심
2025-05-19,16:57,교통/차량,택시/호출,9700,늦어서 택시
2025-05-19,19:00,식비,술/유흥,6300,와인 구매
2025-05-19,23:33,생활/쇼핑,가전/가구,77200,소형 가습기
2025-05-20,09:08,금융,보험/세금,43500,주민세 납부
2025-05-20,10:17,교통/차량,대중교통,15300,버스비
2025-05-21,09:41,식비,외식,40100,맥도날드 햄버거
2025-05-21,15:14,식비,배달/야식,19500,족발 야식
2025-05-21,18:44,교통/차량,대중교통,8800,지하철 정기권 충전
2025-05-21,22:35,식비,식자재/장보기,26400,이마트 장보기
2025-05-22,08:23,식비,식자재/장보기,41800,동네 마트
2025-05-22,08:46,교육/계발,도서/문구,19100,교보문고 IT서적
2025-05-22,17:51,교육/계발,도서/문구,19900,교보문고 IT서적
2025-05-23,10:59,식비,식자재/장보기,6100,쌀/물 구매
2025-05-23,20:40,식비,술/유흥,41400,맥주 4캔 구매
2025-05-24,10:47,생활/쇼핑,생활용품,134000,휴지/세제 구매
2025-05-24,11:15,생활/쇼핑,생활용품,12500,쓰레기봉투
2025-05-24,12:11,식비,식자재/장보기,38000,동네 마트
2025-05-24,13:33,관계,데이트/모임,63900,주말 데이트
2025-05-24,21:03,식비,외식,35100,직장 동료와 저녁
2025-05-24,23:30,식비,외식,26200,맥도날드 햄버거
2025-05-25,11:29,문화/취미,여행,58700,여행 경비
2025-05-25,13:33,생활/쇼핑,반려동물,14600,배변패드
2025-05-25,15:21,교통/차량,대중교통,85000,알뜰교통카드 후불
2025-05-25,17:22,주거/통신,통신비,68000,휴대폰 요금
2025-05-25,23:18,관계,데이트/모임,51800,주말 데이트
2025-05-26,11:13,식비,식자재/장보기,6000,편의점 간편식
2025-05-26,16:02,식비,술/유흥,19600,와인 구매
2025-05-26,16:33,식비,술/유흥,36700,친구들과 술자리
2025-05-26,23:45,생활/쇼핑,반려동물,63800,강아지 사료
2025-05-27,11:19,식비,외식,7700,김밥천국
2025-05-27,21:13,교통/차량,택시/호출,15700,택시비
2025-05-28,14:15,식비,식자재/장보기,18200,이마트 장보기
2025-05-28,17:24,주거/통신,월세/관리비,26400,관리비 납부
2025-05-29,11:19,교육/계발,도서/문구,7800,교보문고 IT서적
2025-05-29,12:23,식비,식자재/장보기,27100,이마트 장보기
2025-05-29,13:03,식비,배달/야식,25600,치킨 배달
2025-05-29,16:22,주거/통신,통신비,9400,휴대폰 요금
2025-05-30,09:54,식비,배달/야식,14700,마라탕 배달
2025-05-30,17:41,식비,식자재/장보기,17300,이마트 장보기
2025-05-30,23:12,교통/차량,택시/호출,14500,늦어서 택시
2025-05-31,08:55,식비,카페/간식,41200,디저트 카페
2025-05-31,09:46,관계,데이트/모임,44300,주말 데이트
2025-05-31,22:44,교육/계발,도서/문구,30900,교보문고 IT서적
2025-05-31,22:48,문화/취미,여행,17500,숙소 예약
2025-06-01,16:14,건강/운동,병원/약국,36100,종합비타민
2025-06-01,16:23,식비,외식,23200,파스타 데이트
2025-06-01,17:33,식비,카페/간식,34400,베이커리 빵
2025-06-02,11:45,생활/쇼핑,반려동물,7200,배변패드
2025-06-02,22:43,식비,식자재/장보기,6400,과일 구매
2025-06-02,23:12,생활/쇼핑,반려동물,121700,고양이 간식
2025-06-03,09:38,식비,술/유흥,13300,와인 구매
2025-06-03,10:59,건강/운동,병원/약국,40400,종합비타민
2025-06-03,11:31,교통/차량,자차/주유,19000,엔진오일 교체
2025-06-04,19:11,교통/차량,자차/주유,7300,엔진오일 교체
2025-06-04,21:19,식비,식자재/장보기,7200,이마트 장보기
2025-06-05,13:28,주거/통신,월세/관리비,550000,월세 납부
2025-06-05,14:18,관계,경조사/선물,89900,결혼식 축의금
2025-06-05,14:33,식비,카페/간식,34200,베이커리 빵
2025-06-05,18:50,식비,외식,46600,구내식당 점심
2025-06-05,23:33,식비,술/유흥,29700,회식 2차
2025-06-06,10:40,식비,식자재/장보기,43900,동네 마트
2025-06-06,11:33,식비,식자재/장보기,12600,과일 구매
2025-06-06,12:52,식비,식자재/장보기,8900,동네 마트
2025-06-06,22:54,생활/쇼핑,패션/미용,40400,올리브영 화장품
2025-06-07,09:08,식비,배달/야식,14700,치킨 배달
2025-06-07,12:23,문화/취미,영화/공연,31100,CGV 영화 예매
2025-06-07,13:11,식비,카페/간식,10300,디저트 카페
2025-06-07,23:46,문화/취미,여행,42600,기차표 예매
2025-06-07,23:51,식비,카페/간식,34500,디저트 카페
2025-06-08,08:36,문화/취미,영화/공연,44400,CGV 영화 예매
2025-06-08,11:09,생활/쇼핑,생활용품,7400,다이소 쇼핑
2025-06-08,13:33,관계,경조사/선물,59000,부모님 용돈
2025-06-08,14:33,관계,경조사/선물,44900,친구 생일선물
2025-06-08,17:56,관계,경조사/선물,87100,친구 생일선물
2025-06-09,08:01,생활/쇼핑,가전/가구,79100,멀티탭 구매
2025-06-09,08:47,식비,외식,28700,김밥천국
2025-06-09,13:14,생활/쇼핑,가전/가구,18900,마우스 건전지
2025-06-09,17:52,식비,배달/야식,44900,족발 야식
2025-06-10,08:04,관계,경조사/선물,37400,친구 생일선물
2025-06-10,12:08,교통/차량,대중교통,8800,지하철 정기권 충전
2025-06-10,14:53,생활/쇼핑,패션/미용,19100,미용실 커트
2025-06-10,21:15,주거/통신,구독/OTT,14900,넷플릭스 결제
2025-06-10,22:54,주거/통신,공과금,41100,수도세
2025-06-11,13:29,식비,외식,45600,직장 동료와 저녁
2025-06-11,21:26,교통/차량,택시/호출,17700,카카오택시(야근)
2025-06-12,10:45,문화/취미,여행,13600,기차표 예매
2025-06-12,17:19,교통/차량,자차/주유,10500,세차장
2025-06-12,21:18,식비,외식,48600,김밥천국
2025-06-13,18:37,주거/통신,구독/OTT,36100,쿠팡 와우 멤버십
2025-06-13,20:04,건강/운동,운동/헬스,35800,필라테스 1회권
2025-06-13,20:18,교통/차량,택시/호출,16400,늦어서 택시
2025-06-14,08:40,관계,경조사/선물,70700,결혼식 축의금
2025-06-14,16:38,생활/쇼핑,패션/미용,49300,운동화 구매
2025-06-14,17:00,생활/쇼핑,생활용품,85500,쓰레기봉투
2025-06-14,17:47,식비,카페/간식,47600,편의점 커피
2025-06-15,11:14,식비,배달/야식,49200,피자 주문
2025-06-15,15:04,식비,배달/야식,30500,피자 주문
2025-06-15,17:00,관계,데이트/모임,96200,동창회 회비
2025-06-15,20:47,건강/운동,병원/약국,5200,약국 타이레놀
2025-06-16,08:57,생활/쇼핑,패션/미용,44500,겨울 코트
2025-06-16,09:59,건강/운동,운동/헬스,23000,헬스장 재등록
2025-06-16,15:26,식비,식자재/장보기,46200,편의점 간편식
2025-06-16,19:26,교통/차량,택시/호출,18800,늦어서 택시
2025-06-17,17:17,생활/쇼핑,가전/가구,51800,마우스 건전지
2025-06-17,22:11,생활/쇼핑,생활용품,101900,주방용품
2025-06-17,22:13,식비,식자재/장보기,17300,편의점 간편식
2025-06-18,14:04,식비,배달/야식,17500,족발 야식
2025-06-18,15:48,식비,카페/간식,40600,편의점 커피
2025-06-19,12:56,식비,배달/야식,31700,족발 야식
2025-06-19,14:26,교통/차량,대중교통,5700,버스비
2025-06-19,17:47,식비,외식,15500,파스타 데이트
2025-06-19,20:21,교통/차량,택시/호출,10800,카카오택시(야근)
2025-06-20,12:06,식비,외식,43800,김밥천국
2025-06-20,14:47,교통/차량,대중교통,18800,교통카드 후불결제
2025-06-21,13:31,식비,외식,30900,파스타 데이트
2025-06-21,14:46,생활/쇼핑,생활용품,87900,휴지/세제 구매
2025-06-21,14:56,식비,술/유흥,10600,친구들과 술자리
2025-06-21,18:27,식비,배달/야식,36200,치킨 배달
2025-06-21,19:42,생활/쇼핑,생활용품,145000,주방용품
2025-06-22,10:29,교통/차량,택시/호출,15300,카카오택시(야근)
2025-06-22,11:14,식비,배달/야식,5200,치킨 배달
2025-06-22,11:46,식비,배달/야식,29700,마라탕 배달
2025-06-22,20:15,생활/쇼핑,패션/미용,124800,미용실 커트
2025-06-22,21:53,관계,경조사/선물,47300,결혼식 축의금
2025-06-23,13:42,식비,외식,6900,맥도날드 햄버거
2025-06-23,14:44,교통/차량,택시/호출,6900,택시비
2025-06-23,18:44,건강/운동,운동/헬스,5300,필라테스 1회권
2025-06-23,19:40,교통/차량,택시/호출,15100,늦어서 택시
2025-06-24,10:29,교통/차량,택시/호출,7400,카카오택시(야근)
2025-06-24,10:39,교통/차량,택시/호출,12000,택시비
2025-06-24,19:32,식비,술/유흥,5800,친구들과 술자리
2025-06-25,09:09,주거/통신,통신비,68000,휴대폰 요금
2025-06-25,15:13,교통/차량,자차/주유,6000,세차장
2025-06-25,20:26,생활/쇼핑,가전/가구,126100,멀티탭 구매
2025-06-25,21:30,교통/차량,대중교통,85000,알뜰교통카드 후불
2025-06-26,11:41,교통/차량,대중교통,3200,지하철 정기권 충전
2025-06-26,17:22,교통/차량,대중교통,11800,버스비
2025-06-26,20:44,식비,외식,33100,맥도날드 햄버거
2025-06-26,23:44,생활/쇼핑,생활용품,110200,휴지/세제 구매
2025-06-27,11:55,식비,카페/간식,38300,편의점 커피
2025-06-27,14:58,주거/통신,공과금,34400,가스비
2025-06-28,10:14,생활/쇼핑,패션/미용,109100,운동화 구매
2025-06-28,11:37,교육/계발,도서/문구,22900,교보문고 IT서적
2025-06-28,13:13,식비,카페/간식,15300,디저트 카페
2025-06-28,19:55,식비,외식,18200,김밥천국
2025-06-28,23:28,생활/쇼핑,가전/가구,123800,소형 가습기
2025-06-29,09:33,교육/계발,강의/수강,39900,토익 응시료
2025-06-29,17:26,건강/운동,병원/약국,36600,종합비타민
2025-06-29,23:59,식비,술/유흥,41800,맥주 4캔 구매
2025-06-30,08:14,식비,술/유흥,25600,와인 구매
2025-06-30,14:38,식비,배달/야식,38900,피자 주문
2025-07-01,12:11,교통/차량,자차/주유,12700,세차장
2025-07-01,13:12,식비,술/유흥,32500,회식 2차
2025-07-02,09:40,교통/차량,자차/주유,6200,엔진오일 교체
2025-07-02,13:45,식비,카페/간식,20400,편의점 커피
2025-07-03,13:11,식비,배달/야식,40600,족발 야식
2025-07-03,15:53,교통/차량,택시/호출,19000,카카오택시(야근)
2025-07-03,16:07,식비,카페/간식,9100,베이커리 빵
2025-07-03,17:21,식비,외식,30400,맥도날드 햄버거
2025-07-04,10:02,식비,외식,13700,직장 동료와 저녁
2025-07-04,10:35,식비,식자재/장보기,24400,쌀/물 구매
2025-07-05,13:56,생활/쇼핑,반려동물,52800,강아지 사료
2025-07-05,14:14,주거/통신,월세/관리비,550000,월세 납부
2025-07-05,18:24,건강/운동,운동/헬스,23900,필라테스 1회권
2025-07-05,18:52,식비,외식,22700,파스타 데이트
2025-07-06,08:14,식비,배달/야식,4500,치킨 배달
2025-07-06,09:06,식비,외식,19700,맥도날드 햄버거
2025-07-06,11:33,식비,술/유흥,39100,친구들과 술자리
2025-07-06,17:51,문화/취미,여행,73200,숙소 예약
2025-07-06,18:30,식비,식자재/장보기,38300,쌀/물 구매
2025-07-06,23:18,교통/차량,대중교통,13400,지하철 정기권 충전
2025-07-07,09:49,교통/차량,대중교통,2100,교통카드 후불결제
2025-07-07,21:51,교통/차량,택시/호출,11900,늦어서 택시
2025-07-08,15:25,관계,경조사/선물,89600,부모님 용돈
2025-07-08,18:55,식비,술/유흥,37100,와인 구매
2025-07-09,14:18,교통/차량,대중교통,9300,지하철 정기권 충전
2025-07-09,15:12,식비,배달/야식,28200,족발 야식
2025-07-09,20:38,식비,식자재/장보기,41600,이마트 장보기
2025-07-10,10:04,교통/차량,택시/호출,12900,카카오택시(야근)
2025-07-10,16:17,주거/통신,구독/OTT,14900,넷플릭스 결제
2025-07-10,23:01,식비,배달/야식,7600,치킨 배달
2025-07-10,23:27,식비,외식,15000,직장 동료와 저녁
2025-07-11,08:21,금융,저축/투자,27400,청약 저축
2025-07-11,14:57,교육/계발,강의/수강,30200,토익 응시료
2025-07-11,15:58,주거/통신,구독/OTT,14500,유튜브 프리미엄
2025-07-11,19:59,교통/차량,대중교통,10800,지하철 정기권 충전
2025-07-12,09:05,문화/취미,여행,54400,기차표 예매
2025-07-12,09:13,관계,데이트/모임,30600,주말 데이트
2025-07-12,11:52,교육/계발,강의/수강,24100,전화영어 결제
2025-07-12,12:17,식비,식자재/장보기,9400,과일 구매
2025-07-12,12:20,식비,술/유흥,10300,회식 2차
2025-07-12,14:29,식비,식자재/장보기,12200,쌀/물 구매
2025-07-13,12:57,식비,카페/간식,40900,아이스 아메리카노
2025-07-13,13:41,관계,경조사/선물,40200,부모님 용돈
2025-07-13,15:11,생활/쇼핑,패션/미용,48800,미용실 커트
2025-07-13,18:57,건강/운동,병원/약국,19300,치과 스케일링
2025-07-13,21:47,식비,카페/간식,14700,디저트 카페
2025-07-14,13:06,교통/차량,대중교통,18200,교통카드 후불결제
2025-07-14,16:53,식비,배달/야식,35400,마라탕 배달
2025-07-15,09:03,관계,데이트/모임,34000,주말 데이트
2025-07-15,14:57,교통/차량,대중교통,15000,버스비
2025-07-15,19:30,교통/차량,자차/주유,9900,세차장
2025-07-15,21:01,금융,보험/세금,13200,주민세 납부
2025-07-16,15:09,식비,외식,27200,직장 동료와 저녁
2025-07-16,23:13,식비,외식,18800,직장 동료와 저녁
2025-07-17,11:10,식비,식자재/장보기,43800,동네 마트
2025-07-17,18:30,식비,배달/야식,35100,피자 주문
2025-07-17,22:35,식비,배달/야식,47700,족발 야식
2025-07-17,22:52,식비,술/유흥,47100,와인 구매
2025-07-18,11:45,식비,술/유흥,45700,친구들과 술자리
2025-07-18,15:22,식비,배달/야식,48900,치킨 배달
2025-07-18,19:26,주거/통신,구독/OTT,40200,유튜브 프리미엄
2025-07-18,22:49,식비,술/유흥,36300,회식 2차
2025-07-19,12:29,관계,데이트/모임,53500,스터디 모임비
2025-07-19,14:59,문화/취미,여행,48600,숙소 예약
2025-07-19,15:03,식비,외식,35100,직장 동료와 저녁
2025-07-19,15:24,교통/차량,자차/주유,6900,엔진오일 교체
2025-07-19,20:35,교육/계발,강의/수강,9300,토익 응시료
2025-07-19,21:30,교육/계발,도서/문구,21300,볼펜/노트 구매
2025-07-20,09:03,문화/취미,여행,14100,기차표 예매
2025-07-20,19:38,교통/차량,택시/호출,8000,카카오택시(야근)
2025-07-20,22:15,생활/쇼핑,패션/미용,23700,운동화 구매
2025-07-21,08:27,건강/운동,운동/헬스,30200,필라테스 1회권
2025-07-21,14:10,교통/차량,대중교통,15800,버스비
2025-07-22,13:38,식비,술/유흥,31600,맥주 4캔 구매
2025-07-22,16:32,식비,술/유흥,19300,회식 2차
2025-07-22,22:57,식비,식자재/장보기,21500,편의점 간편식
2025-07-23,16:07,식비,술/유흥,18700,맥주 4캔 구매
2025-07-23,18:22,식비,배달/야식,11200,피자 주문
2025-07-24,16:35,교통/차량,자차/주유,4100,세차장
2025-07-24,21:29,교통/차량,대중교통,13300,지하철 정기권 충전
2025-07-25,08:59,교통/차량,대중교통,85000,알뜰교통카드 후불
2025-07-25,12:16,주거/통신,통신비,68000,휴대폰 요금
2025-07-25,19:12,생활/쇼핑,생활용품,32000,쓰레기봉투
2025-07-25,21:47,생활/쇼핑,가전/가구,133300,멀티탭 구매
2025-07-25,22:06,식비,외식,19100,직장 동료와 저녁
2025-07-25,22:29,교통/차량,대중교통,4000,지하철 정기권 충전
2025-07-26,08:01,문화/취미,영화/공연,73700,뮤지컬 관람
2025-07-26,09:04,생활/쇼핑,패션/미용,47500,겨울 코트
2025-07-26,12:53,식비,카페/간식,17400,베이커리 빵
2025-07-26,23:22,관계,데이트/모임,39400,스터디 모임비
2025-07-27,11:02,관계,데이트/모임,92500,스터디 모임비
2025-07-27,14:56,교통/차량,택시/호출,13300,늦어서 택시
2025-07-27,15:48,식비,술/유흥,10700,맥주 4캔 구매
2025-07-27,22:09,관계,데이트/모임,37500,주말 데이트
2025-07-28,09:05,생활/쇼핑,생활용품,108300,다이소 쇼핑
2025-07-28,11:18,식비,식자재/장보기,15800,동네 마트
2025-07-28,11:42,식비,외식,32400,맥도날드 햄버거
2025-07-28,18:45,식비,술/유흥,36700,맥주 4캔 구매
2025-07-29,10:13,교통/차량,대중교통,8000,지하철 정기권 충전
2025-07-29,10:31,생활/쇼핑,반려동물,30500,배변패드
2025-07-29,21:08,식비,배달/야식,31500,치킨 배달
2025-07-29,21:32,식비,식자재/장보기,42800,편의점 간편식
2025-07-30,11:23,금융,저축/투자,43700,주식 계좌 이체
2025-07-30,17:08,식비,외식,8400,맥도날드 햄버거
2025-07-31,14:04,식비,카페/간식,23300,베이커리 빵
2025-07-31,16:33,식비,카페/간식,11200,베이커리 빵
2025-08-01,09:33,교통/차량,대중교통,13900,지하철 정기권 충전
2025-08-01,23:56,관계,경조사/선물,73800,결혼식 축의금
2025-08-02,08:26,식비,술/유흥,27200,맥주 4캔 구매
2025-08-02,11:50,건강/운동,병원/약국,29300,종합비타민
2025-08-02,12:21,식비,배달/야식,16800,족발 야식
2025-08-02,19:53,건강/운동,운동/헬스,48000,필라테스 1회권
2025-08-02,20:28,교육/계발,도서/문구,16900,볼펜/노트 구매
2025-08-03,11:48,식비,술/유흥,49300,맥주 4캔 구매
2025-08-03,20:05,식비,카페/간식,34100,편의점 커피
2025-08-03,20:53,식비,외식,40200,파스타 데이트
2025-08-04,09:40,식비,배달/야식,45000,족발 야식
2025-08-04,11:50,식비,식자재/장보기,17100,동네 마트
2025-08-05,09:46,식비,외식,25100,파스타 데이트
2025-08-05,11:45,교통/차량,택시/호출,2800,택시비
2025-08-05,15:29,식비,카페/간식,10500,베이커리 빵
2025-08-05,19:25,주거/통신,월세/관리비,550000,월세 납부
2025-08-06,11:14,식비,외식,12300,구내식당 점심
2025-08-06,11:58,식비,카페/간식,8700,디저트 카페
2025-08-06,18:49,생활/쇼핑,가전/가구,29800,소형 가습기
2025-08-06,21:29,교통/차량,자차/주유,5300,세차장
2025-08-07,15:23,생활/쇼핑,생활용품,94200,주방용품
2025-08-07,20:56,식비,배달/야식,38400,피자 주문
2025-08-07,21:25,교통/차량,대중교통,7200,버스비
2025-08-08,11:50,식비,술/유흥,48900,와인 구매
2025-08-08,14:58,교통/차량,대중교통,11700,교통카드 후불결제
2025-08-09,09:29,식비,술/유흥,33200,회식 2차
2025-08-09,10:19,생활/쇼핑,가전/가구,63500,마우스 건전지
2025-08-09,14:43,관계,경조사/선물,68000,결혼식 축의금
2025-08-10,14:44,관계,경조사/선물,41300,결혼식 축의금
2025-08-10,14:54,주거/통신,구독/OTT,14900,넷플릭스 결제
2025-08-10,17:27,식비,외식,45400,구내식당 점심
2025-08-10,17:31,문화/취미,영화/공연,67700,뮤지컬 관람
2025-08-10,19:00,교육/계발,도서/문구,48200,교보문고 IT서적
2025-08-10,23:33,식비,외식,29900,구내식당 점심
2025-08-11,12:43,교통/차량,대중교통,1700,지하철 정기권 충전
2025-08-11,14:19,교통/차량,택시/호출,6000,택시비
2025-08-11,22:31,식비,식자재/장보기,46300,과일 구매
2025-08-11,22:56,교통/차량,자차/주유,16500,주유소 휘발유
2025-08-12,09:48,교통/차량,택시/호출,6800,택시비
2025-08-12,11:30,식비,외식,27500,구내식당 점심
2025-08-12,21:57,식비,카페/간식,24400,아이스 아메리카노
2025-08-13,08:24,식비,카페/간식,13200,편의점 커피
2025-08-13,12:03,교통/차량,대중교통,11100,지하철 정기권 충전
2025-08-13,14:55,금융,저축/투자,39200,주식 계좌 이체
2025-08-13,18:49,식비,외식,13300,파스타 데이트
2025-08-14,13:00,교통/차량,택시/호출,15800,늦어서 택시
2025-08-14,13:27,식비,식자재/장보기,47400,쌀/물 구매
2025-08-14,15:04,건강/운동,운동/헬스,14100,헬스장 재등록
2025-08-14,22:54,식비,식자재/장보기,7200,과일 구매
2025-08-15,11:34,생활/쇼핑,패션/미용,70700,미용실 커트
2025-08-15,19:10,식비,카페/간식,5200,베이커리 빵
2025-08-16,10:55,문화/취미,여행,15600,숙소 예약
2025-08-16,16:45,식비,술/유흥,18000,회식 2차
2025-08-16,17:32,문화/취미,영화/공연,34400,CGV 영화 예매
2025-08-17,16:14,식비,카페/간식,5700,베이커리 빵
2025-08-17,17:58,생활/쇼핑,패션/미용,37600,운동화 구매
2025-08-17,18:51,식비,식자재/장보기,25200,편의점 간편식
2025-08-17,18:53,문화/취미,영화/공연,53400,전시회 티켓
2025-08-18,16:45,식비,배달/야식,7500,피자 주문
2025-08-18,17:56,주거/통신,공과금,46000,수도세
2025-08-18,20:08,교통/차량,자차/주유,16000,세차장
2025-08-19,12:58,식비,식자재/장보기,24900,동네 마트
2025-08-19,15:17,교통/차량,택시/호출,12000,택시비
2025-08-19,20:09,교통/차량,택시/호출,9600,택시비
2025-08-20,11:54,식비,술/유흥,17200,와인 구매
2025-08-20,16:15,교통/차량,대중교통,15500,교통카드 후불결제
2025-08-21,13:23,식비,외식,39000,파스타 데이트
2025-08-21,16:26,식비,식자재/장보기,17900,이마트 장보기
2025-08-21,23:16,식비,카페/간식,31800,베이커리 빵
2025-08-22,19:12,주거/통신,공과금,32800,가스비
2025-08-22,19:26,건강/운동,병원/약국,13800,약국 타이레놀
2025-08-23,14:45,생활/쇼핑,생활용품,125500,다이소 쇼핑
2025-08-23,17:43,관계,데이트/모임,89500,스터디 모임비
2025-08-23,18:00,식비,카페/간식,12500,디저트 카페
2025-08-23,19:40,문화/취미,여행,38800,여행 경비
2025-08-24,09:09,교통/차량,택시/호출,11300,늦어서 택시
2025-08-24,17:04,생활/쇼핑,가전/가구,9300,멀티탭 구매
2025-08-24,17:40,식비,배달/야식,45000,피자 주문
2025-08-24,18:48,교육/계발,도서/문구,17700,교보문고 IT서적
2025-08-24,21:37,문화/취미,여행,23400,여행 경비
2025-08-24,22:58,생활/쇼핑,반려동물,34200,고양이 간식
2025-08-25,09:24,교통/차량,대중교통,85000,알뜰교통카드 후불
2025-08-25,11:36,식비,술/유흥,49800,와인 구매
2025-08-25,17:13,주거/통신,통신비,68000,휴대폰 요금
2025-08-25,22:10,교통/차량,자차/주유,13100,엔진오일 교체
2025-08-26,08:24,식비,외식,17600,구내식당 점심
2025-08-26,18:43,식비,배달/야식,38800,마라탕 배달
2025-08-27,09:45,교통/차량,대중교통,16600,버스비
2025-08-27,14:51,문화/취미,여행,18800,여행 경비
2025-08-27,19:34,식비,외식,33900,직장 동료와 저녁
2025-08-28,13:34,교통/차량,자차/주유,12400,주유소 휘발유
2025-08-28,15:04,교통/차량,자차/주유,4100,엔진오일 교체
2025-08-28,16:00,식비,식자재/장보기,6700,과일 구매
2025-08-28,20:36,생활/쇼핑,패션/미용,39800,겨울 코트
2025-08-29,08:11,식비,배달/야식,30500,피자 주문
2025-08-29,11:34,식비,술/유흥,18300,와인 구매
2025-08-29,15:31,식비,식자재/장보기,8600,동네 마트
2025-08-29,23:33,교통/차량,대중교통,2800,교통카드 후불결제
2025-08-30,08:24,건강/운동,병원/약국,12600,약국 타이레놀
2025-08-30,11:10,식비,외식,8100,맥도날드 햄버거
2025-08-30,14:53,식비,카페/간식,46800,디저트 카페
2025-08-30,16:17,관계,데이트/모임,82200,스터디 모임비
2025-08-30,18:20,건강/운동,병원/약국,11600,치과 스케일링
2025-08-31,08:17,생활/쇼핑,생활용품,14800,주방용품
2025-08-31,16:36,관계,데이트/모임,92100,주말 데이트
2025-08-31,18:40,교육/계발,강의/수강,37000,토익 응시료
2025-09-01,11:53,문화/취미,영화/공연,68600,CGV 영화 예매
2025-09-01,15:51,주거/통신,통신비,41500,휴대폰 요금
2025-09-02,18:48,식비,술/유흥,21700,회식 2차
2025-09-02,23:09,식비,배달/야식,44400,피자 주문
2025-09-03,10:14,생활/쇼핑,가전/가구,99400,소형 가습기
2025-09-03,11:51,교통/차량,자차/주유,9300,세차장
2025-09-04,12:47,생활/쇼핑,반려동물,132100,강아지 사료
2025-09-04,16:45,식비,카페/간식,9800,디저트 카페
2025-09-04,19:56,식비,배달/야식,36200,족발 야식
2025-09-04,22:18,생활/쇼핑,반려동물,93500,강아지 사료
2025-09-05,10:45,건강/운동,운동/헬스,27600,단백질 보충제
2025-09-05,11:11,주거/통신,월세/관리비,550000,월세 납부
2025-09-05,20:36,주거/통신,월세/관리비,28900,1월 월세
2025-09-05,21:28,식비,식자재/장보기,34100,과일 구매
2025-09-05,23:32,식비,술/유흥,23400,회식 2차
2025-09-06,12:20,생활/쇼핑,가전/가구,57500,마우스 건전지
2025-09-06,13:40,식비,배달/야식,38300,족발 야식
2025-09-06,19:36,문화/취미,여행,18100,기차표 예매
2025-09-06,23:01,문화/취미,여행,29400,여행 경비
2025-09-07,08:02,문화/취미,여행,15700,기차표 예매
2025-09-07,08:02,문화/취미,영화/공연,15000,뮤지컬 관람
2025-09-07,12:37,식비,배달/야식,45500,치킨 배달
2025-09-08,17:03,식비,식자재/장보기,25700,과일 구매
2025-09-08,22:14,식비,배달/야식,29000,족발 야식
2025-09-09,10:35,식비,식자재/장보기,20500,쌀/물 구매
2025-09-09,19:55,식비,카페/간식,4100,디저트 카페
2025-09-10,15:44,교육/계발,강의/수강,29800,전화영어 결제
2025-09-10,18:50,주거/통신,구독/OTT,14900,넷플릭스 결제
2025-09-10,19:41,생활/쇼핑,생활용품,44500,쓰레기봉투
2025-09-10,20:18,식비,배달/야식,11600,피자 주문
2025-09-11,11:20,관계,경조사/선물,58000,부모님 용돈
2025-09-11,17:36,식비,카페/간식,26200,디저트 카페
2025-09-12,13:57,교통/차량,대중교통,3000,버스비
2025-09-12,16:44,금융,보험/세금,45900,실비 보험료
2025-09-13,11:11,건강/운동,병원/약국,37900,치과 스케일링
2025-09-13,20:48,식비,카페/간식,40100,디저트 카페
2025-09-13,21:13,교통/차량,대중교통,3700,버스비
2025-09-13,23:13,건강/운동,병원/약국,24000,종합비타민
2025-09-14,11:27,식비,카페/간식,30500,베이커리 빵
2025-09-14,17:13,관계,데이트/모임,64300,동창회 회비
2025-09-14,17:48,관계,경조사/선물,48700,부모님 용돈
2025-09-14,21:55,식비,외식,42400,구내식당 점심
2025-09-15,18:57,식비,배달/야식,35500,피자 주문
2025-09-15,23:46,교통/차량,자차/주유,7900,세차장
2025-09-16,19:01,주거/통신,구독/OTT,15400,쿠팡 와우 멤버십
2025-09-16,21:53,식비,외식,22200,김밥천국
2025-09-16,23:09,건강/운동,운동/헬스,49500,필라테스 1회권
2025-09-17,10:59,교통/차량,대중교통,10300,버스비
2025-09-17,15:03,생활/쇼핑,가전/가구,106700,소형 가습기
2025-09-18,13:04,식비,식자재/장보기,25000,편의점 간편식
2025-09-18,13:10,금융,보험/세금,42900,실비 보험료
2025-09-18,21:17,주거/통신,통신비,8600,휴대폰 요금
2025-09-19,17:13,식비,술/유흥,32200,와인 구매
2025-09-19,19:49,교통/차량,대중교통,14100,버스비
2025-09-19,19:49,생활/쇼핑,생활용품,110500,다이소 쇼핑
2025-09-20,11:01,생활/쇼핑,패션/미용,45300,미용실 커트
2025-09-20,18:19,건강/운동,운동/헬스,25800,필라테스 1회권
2025-09-20,20:32,식비,카페/간식,44100,편의점 커피
2025-09-20,22:07,건강/운동,운동/헬스,25100,필라테스 1회권
2025-09-20,23:43,관계,데이트/모임,58400,동창회 회비
2025-09-21,08:07,식비,카페/간식,40200,편의점 커피
2025-09-21,11:43,식비,식자재/장보기,30800,과일 구매
2025-09-21,11:50,식비,식자재/장보기,36500,쌀/물 구매
2025-09-21,19:31,식비,식자재/장보기,42400,동네 마트
2025-09-21,19:40,교통/차량,택시/호출,14100,택시비
2025-09-21,22:24,식비,외식,18000,김밥천국
2025-09-22,19:45,식비,카페/간식,32000,아이스 아메리카노
2025-09-22,22:37,식비,배달/야식,8100,마라탕 배달
2025-09-22,23:55,건강/운동,운동/헬스,41500,단백질 보충제
2025-09-23,11:19,식비,술/유흥,19700,맥주 4캔 구매
2025-09-23,13:52,식비,배달/야식,11600,족발 야식
2025-09-23,14:28,식비,외식,31900,김밥천국
2025-09-24,11:31,교통/차량,택시/호출,3300,카카오택시(야근)
2025-09-24,15:22,식비,카페/간식,11200,아이스 아메리카노
2025-09-24,18:52,식비,배달/야식,12300,피자 주문
2025-09-24,22:37,식비,배달/야식,6400,치킨 배달
2025-09-25,12:02,교통/차량,자차/주유,5800,주유소 휘발유
2025-09-25,12:31,주거/통신,통신비,68000,휴대폰 요금
2025-09-25,19:58,교통/차량,대중교통,85000,알뜰교통카드 후불
2025-09-25,23:18,교통/차량,대중교통,6900,지하철 정기권 충전
2025-09-26,14:53,문화/취미,여행,50200,기차표 예매
2025-09-26,20:05,교통/차량,택시/호출,1500,택시비
2025-09-27,15:31,관계,데이트/모임,86800,스터디 모임비
2025-09-27,16:19,식비,외식,24700,맥도날드 햄버거
2025-09-27,16:22,식비,카페/간식,9100,디저트 카페
2025-09-27,23:13,교육/계발,도서/문구,32400,문제집 구매
2025-09-28,08:01,교육/계발,도서/문구,10600,교보문고 IT서적
2025-09-28,11:16,생활/쇼핑,패션/미용,76700,미용실 커트
2025-09-28,13:50,관계,경조사/선물,31600,부모님 용돈
2025-09-28,14:16,식비,배달/야식,47900,족발 야식
2025-09-28,15:50,식비,식자재/장보기,34000,이마트 장보기
2025-09-28,23:07,식비,카페/간식,21600,디저트 카페
2025-09-29,08:41,교통/차량,택시/호출,7500,택시비
2025-09-29,12:25,식비,술/유흥,28300,회식 2차
2025-09-30,08:06,교통/차량,대중교통,6800,교통카드 후불결제
2025-09-30,09:32,주거/통신,공과금,7300,수도세
2025-10-01,12:06,식비,식자재/장보기,38600,편의점 간편식
2025-10-01,21:07,식비,배달/야식,32200,피자 주문
2025-10-02,10:28,관계,데이트/모임,77100,주말 데이트
2025-10-02,14:33,생활/쇼핑,패션/미용,88100,미용실 커트
2025-10-02,23:24,교통/차량,택시/호출,9600,택시비
2025-10-03,12:53,문화/취미,여행,46000,여행 경비
2025-10-03,21:15,관계,데이트/모임,93400,주말 데이트
2025-10-03,21:30,식비,식자재/장보기,12200,동네 마트
2025-10-03,23:05,교통/차량,대중교통,19100,버스비
2025-10-04,09:36,교통/차량,자차/주유,4200,주유소 휘발유
2025-10-04,09:50,관계,데이트/모임,70200,스터디 모임비
2025-10-04,14:31,식비,식자재/장보기,30100,동네 마트
2025-10-04,21:40,관계,데이트/모임,88900,동창회 회비
2025-10-04,22:44,생활/쇼핑,가전/가구,19000,멀티탭 구매
2025-10-05,12:51,주거/통신,월세/관리비,550000,월세 납부
2025-10-05,19:48,건강/운동,병원/약국,40300,내과 진료
2025-10-05,23:06,관계,데이트/모임,75800,주말 데이트
2025-10-05,23:12,식비,외식,43200,맥도날드 햄버거
2025-10-06,10:48,식비,외식,34400,파스타 데이트
2025-10-06,16:33,식비,배달/야식,26500,족발 야식
2025-10-06,18:18,식비,술/유흥,20100,맥주 4캔 구매
2025-10-07,11:11,관계,경조사/선물,94900,결혼식 축의금
2025-10-07,14:00,식비,외식,6100,김밥천국
2025-10-07,16:19,식비,식자재/장보기,13500,편의점 간편식
2025-10-07,18:24,식비,식자재/장보기,49400,이마트 장보기
2025-10-08,13:20,생활/쇼핑,반려동물,22200,강아지 사료
2025-10-08,16:18,교통/차량,자차/주유,17600,주유소 휘발유
2025-10-08,22:45,주거/통신,월세/관리비,23900,1월 월세
2025-10-09,09:05,식비,배달/야식,12100,치킨 배달
2025-10-09,09:20,교통/차량,자차/주유,2700,엔진오일 교체
2025-10-09,20:26,교통/차량,자차/주유,17600,주유소 휘발유
2025-10-10,08:14,식비,배달/야식,19400,치킨 배달
2025-10-10,09:05,생활/쇼핑,패션/미용,60100,겨울 코트
2025-10-10,10:44,주거/통신,구독/OTT,14900,넷플릭스 결제
2025-10-10,12:55,식비,식자재/장보기,19900,과일 구매
2025-10-11,17:13,식비,카페/간식,26000,베이커리 빵
2025-10-11,19:11,식비,배달/야식,9800,피자 주문
2025-10-11,20:56,식비,외식,22400,김밥천국
2025-10-11,21:39,건강/운동,운동/헬스,27900,필라테스 1회권
2025-10-11,21:45,식비,배달/야식,8700,마라탕 배달
2025-10-12,10:38,문화/취미,여행,38300,숙소 예약
2025-10-12,16:52,생활/쇼핑,가전/가구,7500,소형 가습기
2025-10-12,17:02,문화/취미,여행,34900,기차표 예매
2025-10-12,22:27,관계,경조사/선물,53700,친구 생일선물
2025-10-12,22:40,문화/취미,영화/공연,62300,전시회 티켓
2025-10-13,22:34,식비,술/유흥,32600,친구들과 술자리
2025-10-13,22:57,교통/차량,택시/호출,5600,늦어서 택시
2025-10-14,09:21,금융,보험/세금,17200,실비 보험료
2025-10-14,15:07,교통/차량,대중교통,11600,버스비
2025-10-14,16:34,생활/쇼핑,생활용품,20500,다이소 쇼핑
2025-10-15,19:38,금융,보험/세금,23600,실비 보험료
2025-10-15,19:40,주거/통신,공과금,28100,전기세
2025-10-16,11:37,교통/차량,자차/주유,14600,주유소 휘발유
2025-10-16,18:50,교통/차량,자차/주유,8100,주유소 휘발유
2025-10-16,20:37,건강/운동,병원/약국,36400,종합비타민
2025-10-16,21:12,주거/통신,통신비,12100,휴대폰 요금
2025-10-17,15:18,식비,외식,34600,직장 동료와 저녁
2025-10-17,22:28,식비,식자재/장보기,6700,편의점 간편식
2025-10-17,23:24,식비,외식,8300,김밥천국
2025-10-18,12:36,건강/운동,병원/약국,42800,치과 스케일링
2025-10-18,14:50,생활/쇼핑,패션/미용,85000,운동화 구매
2025-10-18,15:22,식비,식자재/장보기,21300,이마트 장보기
2025-10-18,17:55,관계,데이트/모임,33100,주말 데이트
2025-10-18,21:24,문화/취미,여행,43000,기차표 예매
2025-10-18,22:46,문화/취미,여행,38100,여행 경비
2025-10-19,09:35,관계,경조사/선물,94300,친구 생일선물
2025-10-19,10:09,건강/운동,병원/약국,31000,치과 스케일링
2025-10-19,15:46,관계,데이트/모임,72000,동창회 회비
2025-10-19,19:17,생활/쇼핑,반려동물,82500,고양이 간식
2025-10-20,09:46,식비,외식,12000,파스타 데이트
2025-10-20,13:23,금융,보험/세금,49300,주민세 납부
2025-10-20,13:43,생활/쇼핑,생활용품,143400,휴지/세제 구매
2025-10-20,16:39,교통/차량,택시/호출,19800,택시비
2025-10-21,21:00,식비,술/유흥,18200,회식 2차
2025-10-21,21:17,식비,배달/야식,39100,마라탕 배달
2025-10-22,09:31,식비,카페/간식,39100,편의점 커피
2025-10-22,14:22,주거/통신,공과금,8400,수도세
2025-10-22,22:38,교통/차량,택시/호출,5800,늦어서 택시
2025-10-22,23:27,식비,카페/간식,14500,디저트 카페
2025-10-23,09:32,관계,경조사/선물,47000,친구 생일선물
2025-10-23,13:58,생활/쇼핑,생활용품,31800,휴지/세제 구매
2025-10-23,21:30,식비,외식,43400,직장 동료와 저녁
2025-10-24,19:57,교통/차량,자차/주유,5500,엔진오일 교체
2025-10-24,20:30,식비,외식,49300,파스타 데이트
2025-10-25,12:05,생활/쇼핑,패션/미용,94600,겨울 코트
2025-10-25,12:17,주거/통신,통신비,68000,휴대폰 요금
2025-10-25,15:48,식비,외식,42500,맥도날드 햄버거
2025-10-25,18:16,교통/차량,대중교통,85000,알뜰교통카드 후불
2025-10-25,19:37,생활/쇼핑,가전/가구,49200,마우스 건전지
2025-10-26,13:13,생활/쇼핑,생활용품,5600,주방용품
2025-10-26,15:58,관계,데이트/모임,69200,주말 데이트
2025-10-26,17:38,식비,배달/야식,38100,피자 주문
2025-10-26,19:10,식비,외식,12100,김밥천국
2025-10-26,19:28,식비,술/유흥,42200,맥주 4캔 구매
2025-10-27,09:00,주거/통신,월세/관리비,43100,1월 월세
2025-10-27,21:50,생활/쇼핑,가전/가구,146400,마우스 건전지
2025-10-27,22:27,식비,배달/야식,11000,치킨 배달
2025-10-28,11:04,교통/차량,대중교통,18300,지하철 정기권 충전
2025-10-28,18:47,교통/차량,자차/주유,10300,세차장
2025-10-29,17:14,식비,술/유흥,49100,맥주 4캔 구매
2025-10-29,22:25,교통/차량,택시/호출,5900,택시비
2025-10-30,12:39,식비,술/유흥,39100,와인 구매
2025-10-30,19:31,식비,술/유흥,43900,맥주 4캔 구매
2025-10-31,10:06,식비,식자재/장보기,47800,동네 마트
2025-10-31,14:19,교통/차량,자차/주유,8100,주유소 휘발유
2025-10-31,20:55,생활/쇼핑,가전/가구,108100,멀티탭 구매
2025-11-01,13:34,식비,술/유흥,26500,회식 2차
2025-11-01,14:33,관계,경조사/선물,84300,결혼식 축의금
2025-11-01,15:39,관계,데이트/모임,40900,동창회 회비
2025-11-01,17:29,식비,술/유흥,5100,맥주 4캔 구매
2025-11-01,19:12,생활/쇼핑,반려동물,11000,고양이 간식
2025-11-01,21:59,문화/취미,여행,49000,숙소 예약
2025-11-02,11:32,문화/취미,영화/공연,56600,뮤지컬 관람
2025-11-02,15:22,식비,배달/야식,12500,족발 야식
2025-11-02,16:03,식비,카페/간식,7400,아이스 아메리카노
2025-11-02,16:11,식비,카페/간식,31400,편의점 커피
2025-11-02,19:42,식비,식자재/장보기,7400,이마트 장보기
2025-11-03,11:18,식비,배달/야식,21900,피자 주문
2025-11-03,11:23,식비,카페/간식,17700,아이스 아메리카노
2025-11-03,23:38,식비,배달/야식,19700,치킨 배달
2025-11-04,08:23,식비,외식,25400,직장 동료와 저녁
2025-11-04,15:17,교통/차량,택시/호출,7900,카카오택시(야근)
2025-11-04,15:40,교통/차량,택시/호출,10200,택시비
2025-11-04,19:46,교통/차량,택시/호출,6700,카카오택시(야근)
2025-11-05,11:56,교통/차량,대중교통,15000,버스비
2025-11-05,13:24,생활/쇼핑,반려동물,95300,고양이 간식
2025-11-05,17:03,주거/통신,월세/관리비,550000,월세 납부
2025-11-06,11:17,식비,외식,12600,맥도날드 햄버거
2025-11-06,13:06,교통/차량,택시/호출,7700,택시비
2025-11-06,15:20,식비,카페/간식,45600,디저트 카페
2025-11-06,19:15,주거/통신,공과금,41700,수도세
2025-11-07,09:59,교통/차량,택시/호출,13400,늦어서 택시
2025-11-07,15:46,식비,술/유흥,6100,회식 2차
2025-11-07,20:29,식비,카페/간식,24700,베이커리 빵
2025-11-07,22:26,식비,카페/간식,5000,아이스 아메리카노
2025-11-08,08:56,관계,경조사/선물,75500,친구 생일선물
2025-11-08,10:11,관계,데이트/모임,31500,주말 데이트
2025-11-08,14:37,문화/취미,여행,40700,숙소 예약
2025-11-08,15:33,생활/쇼핑,생활용품,36600,휴지/세제 구매
2025-11-08,20:58,관계,경조사/선물,78000,부모님 용돈
2025-11-09,15:49,관계,경조사/선물,73300,부모님 용돈
2025-11-09,20:28,식비,술/유흥,7500,회식 2차
2025-11-09,21:38,식비,술/유흥,5900,와인 구매
2025-11-09,22:25,식비,술/유흥,24100,와인 구매
2025-11-10,08:33,식비,술/유흥,10700,회식 2차
2025-11-10,09:41,주거/통신,구독/OTT,43100,넷플릭스 구독
2025-11-10,15:00,주거/통신,구독/OTT,14900,넷플릭스 결제
2025-11-10,17:13,식비,식자재/장보기,39900,과일 구매
2025-11-11,10:45,식비,술/유흥,32100,친구들과 술자리
2025-11-11,20:59,교통/차량,자차/주유,19300,주유소 휘발유
2025-11-11,21:08,식비,식자재/장보기,33100,동네 마트
2025-11-11,21:54,식비,술/유흥,47600,회식 2차
2025-11-12,16:30,교통/차량,택시/호출,12100,늦어서 택시
2025-11-12,21:17,식비,카페/간식,15200,아이스 아메리카노
2025-11-12,22:24,교통/차량,택시/호출,2600,늦어서 택시
2025-11-13,10:45,식비,외식,45200,김밥천국
2025-11-13,11:22,교통/차량,택시/호출,9500,택시비
2025-11-13,22:06,관계,데이트/모임,39300,스터디 모임비
2025-11-14,08:33,식비,술/유흥,42500,와인 구매
2025-11-14,19:09,식비,술/유흥,6300,친구들과 술자리
2025-11-14,21:14,식비,배달/야식,25900,치킨 배달
2025-11-15,08:16,식비,외식,25300,구내식당 점심
2025-11-15,14:38,문화/취미,여행,40400,기차표 예매
2025-11-15,19:07,식비,외식,40300,구내식당 점심
2025-11-15,19:35,교육/계발,강의/수강,13400,전화영어 결제
2025-11-16,08:59,문화/취미,여행,56600,기차표 예매
2025-11-16,09:52,식비,배달/야식,9600,피자 주문
2025-11-16,12:02,교통/차량,자차/주유,13800,세차장
2025-11-16,12:54,교통/차량,택시/호출,10100,늦어서 택시
2025-11-16,18:58,관계,경조사/선물,41500,결혼식 축의금
2025-11-17,10:34,주거/통신,월세/관리비,40100,1월 월세
2025-11-17,19:27,교통/차량,택시/호출,2300,카카오택시(야근)
2025-11-18,08:45,생활/쇼핑,패션/미용,145800,겨울 코트
2025-11-18,23:10,식비,외식,25500,구내식당 점심
2025-11-19,09:17,교통/차량,대중교통,4000,교통카드 후불결제
2025-11-19,14:52,관계,경조사/선물,97700,결혼식 축의금
2025-11-19,16:29,식비,카페/간식,4000,편의점 커피
2025-11-20,08:51,교통/차량,택시/호출,3100,늦어서 택시
2025-11-20,18:39,식비,술/유흥,31900,회식 2차
2025-11-21,10:05,교통/차량,택시/호출,7100,택시비
2025-11-21,15:20,교통/차량,택시/호출,16800,택시비
2025-11-21,16:59,식비,카페/간식,33000,아이스 아메리카노
2025-11-22,10:20,관계,데이트/모임,61000,주말 데이트
2025-11-22,12:30,관계,경조사/선물,65700,부모님 용돈
2025-11-22,20:36,관계,데이트/모임,86900,스터디 모임비
2025-11-23,10:31,식비,배달/야식,39200,치킨 배달
2025-11-23,16:54,생활/쇼핑,패션/미용,44200,올리브영 화장품
2025-11-23,17:35,식비,카페/간식,16200,베이커리 빵
2025-11-23,17:59,건강/운동,운동/헬스,38500,필라테스 1회권
2025-11-23,20:29,건강/운동,병원/약국,47600,종합비타민
2025-11-24,09:03,식비,카페/간식,39500,디저트 카페
2025-11-24,19:59,식비,술/유흥,4300,회식 2차
2025-11-24,20:36,식비,식자재/장보기,27600,쌀/물 구매
2025-11-25,08:23,생활/쇼핑,반려동물,51600,고양이 간식
2025-11-25,10:41,주거/통신,통신비,68000,휴대폰 요금
2025-11-25,11:11,교통/차량,대중교통,85000,알뜰교통카드 후불
2025-11-25,21:48,문화/취미,여행,20900,여행 경비
2025-11-26,17:47,생활/쇼핑,반려동물,144900,배변패드
2025-11-26,21:53,교통/차량,자차/주유,12900,세차장
2025-11-27,12:56,식비,외식,35600,김밥천국
2025-11-27,23:49,건강/운동,병원/약국,25600,종합비타민
2025-11-28,20:04,식비,식자재/장보기,49900,이마트 장보기
2025-11-28,20:37,식비,식자재/장보기,49000,과일 구매
2025-11-28,21:25,주거/통신,구독/OTT,48800,쿠팡 와우 멤버십
2025-11-28,21:59,건강/운동,운동/헬스,36700,필라테스 1회권
2025-11-29,13:35,식비,카페/간식,41600,아이스 아메리카노
2025-11-29,16:55,생활/쇼핑,패션/미용,35900,미용실 커트
2025-11-29,20:37,생활/쇼핑,반려동물,97000,강아지 사료
2025-11-30,11:08,문화/취미,영화/공연,19600,CGV 영화 예매
2025-11-30,19:02,문화/취미,여행,47400,숙소 예약
2025-11-30,19:10,관계,데이트/모임,36400,동창회 회비
2025-11-30,21:26,식비,카페/간식,25300,디저트 카페
2025-12-01,11:38,생활/쇼핑,반려동물,98300,배변패드
2025-12-01,13:28,생활/쇼핑,패션/미용,147100,운동화 구매
2025-12-01,14:54,교통/차량,택시/호출,14100,늦어서 택시
2025-12-01,19:22,식비,술/유흥,14300,맥주 4캔 구매
2025-12-02,08:27,식비,식자재/장보기,44000,편의점 간편식
2025-12-02,12:33,교통/차량,자차/주유,6200,세차장
2025-12-02,12:39,식비,술/유흥,40500,친구들과 술자리
2025-12-02,17:20,식비,외식,29700,파스타 데이트
2025-12-03,16:01,생활/쇼핑,가전/가구,129400,마우스 건전지
2025-12-03,22:42,건강/운동,운동/헬스,39100,단백질 보충제
2025-12-04,09:10,교통/차량,자차/주유,12000,주유소 휘발유
2025-12-04,11:00,교통/차량,자차/주유,9700,세차장
2025-12-04,18:39,교통/차량,자차/주유,8800,주유소 휘발유
2025-12-04,22:44,문화/취미,영화/공연,38000,CGV 영화 예매
2025-12-05,15:47,식비,술/유흥,30100,친구들과 술자리
2025-12-05,20:39,주거/통신,월세/관리비,550000,월세 납부
2025-12-05,23:09,식비,술/유흥,5500,회식 2차
2025-12-06,08:11,생활/쇼핑,생활용품,49000,쓰레기봉투
2025-12-06,15:31,건강/운동,운동/헬스,37900,단백질 보충제
2025-12-06,15:39,식비,술/유흥,30100,회식 2차
2025-12-06,21:27,생활/쇼핑,생활용품,26200,주방용품
2025-12-07,09:33,생활/쇼핑,반려동물,63500,강아지 사료
2025-12-07,12:31,식비,외식,7400,직장 동료와 저녁
2025-12-07,12:47,문화/취미,영화/공연,12400,CGV 영화 예매
2025-12-07,18:09,생활/쇼핑,반려동물,138300,고양이 간식
2025-12-07,21:45,식비,배달/야식,45500,족발 야식
2025-12-07,22:15,건강/운동,운동/헬스,48700,필라테스 1회권
2025-12-08,19:41,생활/쇼핑,패션/미용,59100,올리브영 화장품
2025-12-08,19:47,식비,카페/간식,24300,아이스 아메리카노
2025-12-09,08:36,식비,외식,42500,구내식당 점심
2025-12-09,13:11,식비,배달/야식,12400,피자 주문
2025-12-10,13:49,교통/차량,택시/호출,15600,택시비
2025-12-10,20:02,주거/통신,구독/OTT,14900,넷플릭스 결제
2025-12-10,21:36,관계,데이트/모임,85400,동창회 회비
2025-12-11,09:47,문화/취미,영화/공연,47000,CGV 영화 예매
2025-12-11,11:16,식비,술/유흥,44400,와인 구매
2025-12-11,19:05,식비,배달/야식,21300,치킨 배달
2025-12-11,21:19,문화/취미,여행,13500,숙소 예약
2025-12-12,08:51,식비,외식,10000,직장 동료와 저녁
2025-12-12,10:03,관계,경조사/선물,59500,결혼식 축의금
2025-12-13,09:34,관계,경조사/선물,39700,친구 생일선물
2025-12-13,12:00,문화/취미,영화/공연,16300,전시회 티켓
2025-12-13,13:31,문화/취미,여행,44300,기차표 예매
2025-12-13,14:55,문화/취미,여행,24000,여행 경비
2025-12-13,19:29,생활/쇼핑,반려동물,53100,고양이 간식
2025-12-13,21:16,식비,카페/간식,36700,디저트 카페
2025-12-14,17:59,식비,배달/야식,8600,치킨 배달
2025-12-14,19:45,식비,배달/야식,39400,치킨 배달
2025-12-14,23:06,생활/쇼핑,패션/미용,58400,겨울 코트
2025-12-14,23:30,식비,배달/야식,16700,족발 야식
2025-12-15,11:59,문화/취미,영화/공연,14600,CGV 영화 예매
2025-12-15,14:25,교통/차량,택시/호출,17900,카카오택시(야근)
2025-12-16,12:13,금융,저축/투자,10900,청약 저축
2025-12-16,22:00,식비,술/유흥,38900,친구들과 술자리
2025-12-17,08:34,식비,외식,4400,구내식당 점심
2025-12-17,09:11,식비,외식,44900,맥도날드 햄버거
2025-12-17,15:33,주거/통신,공과금,48000,가스비
2025-12-17,21:50,생활/쇼핑,가전/가구,144300,소형 가습기
2025-12-18,09:33,생활/쇼핑,반려동물,120200,강아지 사료
2025-12-18,11:11,식비,술/유흥,21000,와인 구매
2025-12-18,19:52,주거/통신,구독/OTT,32700,넷플릭스 구독
2025-12-19,08:36,식비,카페/간식,30700,디저트 카페
2025-12-19,10:25,교통/차량,대중교통,4700,지하철 정기권 충전
2025-12-19,21:37,식비,카페/간식,49800,디저트 카페
2025-12-19,23:20,식비,외식,12000,김밥천국
2025-12-20,12:43,식비,술/유흥,9800,와인 구매
2025-12-20,16:21,문화/취미,여행,68000,기차표 예매
2025-12-20,16:47,교통/차량,택시/호출,10200,카카오택시(야근)
2025-12-21,08:12,교육/계발,강의/수강,36500,인프런 강의 결제
2025-12-21,14:53,식비,식자재/장보기,16100,쌀/물 구매
2025-12-21,18:49,건강/운동,병원/약국,40500,내과 진료
2025-12-22,13:41,식비,카페/간식,17800,디저트 카페
2025-12-22,16:35,식비,술/유흥,29200,맥주 4캔 구매
2025-12-23,17:48,식비,술/유흥,11800,와인 구매
2025-12-23,19:48,교통/차량,자차/주유,13400,세차장
2025-12-23,20:03,관계,경조사/선물,33400,부모님 용돈
2025-12-24,11:25,주거/통신,구독/OTT,35000,유튜브 프리미엄
2025-12-24,14:07,식비,술/유흥,14600,친구들과 술자리
2025-12-24,17:25,식비,식자재/장보기,22000,과일 구매
2025-12-25,08:30,교통/차량,대중교통,85000,알뜰교통카드 후불
2025-12-25,08:50,주거/통신,통신비,68000,휴대폰 요금
2025-12-25,10:30,주거/통신,월세/관리비,17800,1월 월세
2025-12-25,11:00,식비,배달/야식,10400,족발 야식
2025-12-25,14:31,건강/운동,운동/헬스,43600,헬스장 재등록
2025-12-25,19:11,교통/차량,자차/주유,7200,엔진오일 교체
2025-12-26,08:59,식비,배달/야식,20300,피자 주문
2025-12-26,21:49,교통/차량,자차/주유,4300,엔진오일 교체
2025-12-27,08:26,생활/쇼핑,가전/가구,111400,멀티탭 구매
2025-12-27,12:08,식비,식자재/장보기,42700,편의점 간편식
2025-12-27,13:59,교통/차량,택시/호출,17400,카카오택시(야근)
2025-12-27,19:57,관계,데이트/모임,43500,스터디 모임비
2025-12-28,12:50,문화/취미,영화/공연,77300,전시회 티켓
2025-12-28,15:06,생활/쇼핑,생활용품,123400,주방용품
2025-12-28,18:10,관계,데이트/모임,48500,주말 데이트
2025-12-28,19:00,식비,배달/야식,28100,피자 주문
2025-12-28,20:48,식비,술/유흥,27500,맥주 4캔 구매
2025-12-29,11:22,식비,외식,49000,맥도날드 햄버거
2025-12-29,21:15,식비,배달/야식,26500,피자 주문
2025-12-29,22:23,식비,식자재/장보기,13400,동네 마트
2025-12-30,09:17,교통/차량,대중교통,9100,교통카드 후불결제
2025-12-30,11:35,건강/운동,병원/약국,41600,내과 진료
2025-12-30,14:26,교통/차량,대중교통,9600,버스비
2025-12-30,16:57,식비,배달/야식,29700,족발 야식
2025-12-31,10:22,식비,식자재/장보기,44400,쌀/물 구매
2025-12-31,11:53,교통/차량,대중교통,7000,교통카드 후불결제
2025-12-31,12:47,문화/취미,영화/공연,63200,CGV 영화 예매
2025-12-31,15:01,식비,식자재/장보기,49100,과일 구매
2026-01-01,09:53,금융,보험/세금,15600,주민세 납부
2026-01-01,17:30,교통/차량,대중교통,9200,버스비
2026-01-01,18:55,건강/운동,운동/헬스,23800,단백질 보충제
2026-01-01,20:08,교통/차량,대중교통,14700,교통카드 후불결제
2026-01-02,09:20,교통/차량,자차/주유,7700,세차장
2026-01-02,21:22,식비,식자재/장보기,21000,과일 구매
2026-01-02,21:28,생활/쇼핑,생활용품,85900,휴지/세제 구매
2026-01-03,09:42,식비,배달/야식,34800,족발 야식
2026-01-03,14:56,식비,배달/야식,19800,피자 주문
2026-01-03,16:28,식비,외식,21100,김밥천국
2026-01-03,20:46,식비,배달/야식,31900,피자 주문
2026-01-03,21:26,식비,식자재/장보기,16600,과일 구매
2026-01-04,10:06,문화/취미,영화/공연,61700,뮤지컬 관람
2026-01-04,10:37,식비,술/유흥,35100,와인 구매
2026-01-04,17:26,식비,술/유흥,13000,맥주 4캔 구매
2026-01-05,09:03,주거/통신,월세/관리비,550000,월세 납부
2026-01-05,09:30,식비,외식,44300,직장 동료와 저녁
2026-01-05,12:59,식비,술/유흥,4700,맥주 4캔 구매
2026-01-05,13:40,교통/차량,택시/호출,13900,늦어서 택시
2026-01-05,17:00,문화/취미,영화/공연,36800,뮤지컬 관람
2026-01-06,09:53,주거/통신,구독/OTT,44500,유튜브 프리미엄
2026-01-06,17:54,식비,식자재/장보기,9300,동네 마트
2026-01-06,20:38,생활/쇼핑,반려동물,120100,배변패드
2026-01-07,13:48,식비,카페/간식,39600,디저트 카페
2026-01-07,22:24,금융,저축/투자,40000,주식 계좌 이체
2026-01-08,08:56,교통/차량,자차/주유,3600,주유소 휘발유
2026-01-08,12:21,건강/운동,운동/헬스,22100,헬스장 재등록
2026-01-09,15:00,교통/차량,택시/호출,14300,카카오택시(야근)
2026-01-09,19:02,교통/차량,자차/주유,13500,세차장
2026-01-09,23:30,식비,식자재/장보기,28900,편의점 간편식
2026-01-10,11:34,식비,카페/간식,47200,편의점 커피
2026-01-10,12:16,주거/통신,구독/OTT,14900,넷플릭스 결제
2026-01-10,12:50,식비,카페/간식,45200,편의점 커피
2026-01-10,13:01,식비,외식,46700,구내식당 점심
2026-01-10,21:12,식비,술/유흥,6500,맥주 4캔 구매
2026-01-10,23:47,식비,카페/간식,17300,아이스 아메리카노
2026-01-11,12:04,교통/차량,택시/호출,4500,카카오택시(야근)
2026-01-11,14:25,문화/취미,여행,73500,기차표 예매
2026-01-11,15:47,문화/취미,영화/공연,67100,CGV 영화 예매
2026-01-11,17:39,식비,술/유흥,44000,와인 구매
2026-01-11,18:20,식비,배달/야식,35100,피자 주문
2026-01-11,20:24,문화/취미,영화/공연,55300,뮤지컬 관람
2026-01-12,12:39,관계,경조사/선물,66300,결혼식 축의금
2026-01-12,13:19,식비,외식,23600,구내식당 점심
2026-01-13,13:03,교통/차량,대중교통,8400,지하철 정기권 충전
2026-01-13,18:01,주거/통신,월세/관리비,11800,1월 월세
2026-01-14,10:21,건강/운동,병원/약국,14900,내과 진료
2026-01-14,11:33,식비,카페/간식,45600,아이스 아메리카노
2026-01-14,12:23,식비,외식,41000,직장 동료와 저녁
2026-01-14,19:28,식비,식자재/장보기,39600,과일 구매
2026-01-15,08:05,식비,술/유흥,11300,회식 2차
2026-01-15,12:56,식비,술/유흥,26900,친구들과 술자리
2026-01-15,16:54,식비,카페/간식,39200,베이커리 빵
2026-01-15,23:01,식비,외식,28300,직장 동료와 저녁
2026-01-16,08:07,식비,식자재/장보기,47600,동네 마트
2026-01-16,14:14,식비,외식,18600,맥도날드 햄버거
2026-01-16,14:30,교통/차량,자차/주유,1500,세차장
2026-01-17,08:01,문화/취미,영화/공연,23200,전시회 티켓
2026-01-17,10:03,생활/쇼핑,패션/미용,18300,운동화 구매
2026-01-17,14:38,생활/쇼핑,반려동물,59900,강아지 사료
2026-01-18,11:26,식비,배달/야식,32600,마라탕 배달
2026-01-18,12:32,식비,카페/간식,24200,디저트 카페
2026-01-18,12:43,식비,배달/야식,45100,치킨 배달
2026-01-18,15:32,교육/계발,도서/문구,37600,교보문고 IT서적
2026-01-18,21:39,식비,배달/야식,4400,피자 주문
2026-01-19,12:55,교통/차량,자차/주유,14300,엔진오일 교체
2026-01-19,19:15,관계,데이트/모임,76400,동창회 회비
2026-01-19,20:18,식비,술/유흥,47400,와인 구매
2026-01-19,20:32,식비,카페/간식,24600,편의점 커피
2026-01-20,11:42,건강/운동,병원/약국,22400,약국 타이레놀
2026-01-20,17:53,교통/차량,택시/호출,18300,택시비
2026-01-20,17:58,식비,식자재/장보기,6300,이마트 장보기
2026-01-21,15:03,금융,보험/세금,41800,실비 보험료
2026-01-21,23:57,식비,식자재/장보기,4000,쌀/물 구매
2026-01-22,13:05,식비,술/유흥,23000,맥주 4캔 구매
2026-01-22,23:58,교통/차량,자차/주유,19000,엔진오일 교체
